decade,paige,score,half-century,year,generic subtitle,subtitles,words
1600s,1601-1620,1601-1620,1601-1650,1601,0,unsubtitled,33
1600s,1601-1620,1601-1620,1601-1650,1601,0,unsubtitled,17
1600s,1601-1620,1601-1620,1601-1650,1601,0,unsubtitled,34
1600s,1601-1620,1601-1620,1601-1650,1601,0,unsubtitled,24
1600s,1601-1620,1601-1620,1601-1650,1601,0,unsubtitled,37
1600s,1601-1620,1601-1620,1601-1650,1601,0,unsubtitled,57
1600s,1601-1620,1601-1620,1601-1650,1601,0,unsubtitled,25
1600s,1601-1620,1601-1620,1601-1650,1601,0,unsubtitled,11
1600s,1601-1620,1601-1620,1601-1650,1601,0,unsubtitled,16
1600s,1601-1620,1601-1620,1601-1650,1601,0,unsubtitled,26
1600s,1601-1620,1601-1620,1601-1650,1601,0,unsubtitled,35
1600s,1601-1620,1601-1620,1601-1650,1601,0,unsubtitled,38
1600s,1601-1620,1601-1620,1601-1650,1601,0,unsubtitled,28
1600s,1601-1620,1601-1620,1601-1650,1601,0,unsubtitled,83
1600s,1601-1620,1601-1620,1601-1650,1602,0,unsubtitled,17
1600s,1601-1620,1601-1620,1601-1650,1602,0,unsubtitled,95
1600s,1601-1620,1601-1620,1601-1650,1602,0,unsubtitled,15
1600s,1601-1620,1601-1620,1601-1650,1602,0,unsubtitled,106
1600s,1601-1620,1601-1620,1601-1650,1602,0,unsubtitled,20
1600s,1601-1620,1601-1620,1601-1650,1602,0,unsubtitled,36
1600s,1601-1620,1601-1620,1601-1650,1602,histoire vritable et advenu,histoire,49
1600s,1601-1620,1601-1620,1601-1650,1603,0,unsubtitled,21
1600s,1601-1620,1601-1620,1601-1650,1603,0,unsubtitled,42
1600s,1601-1620,1601-1620,1601-1650,1603,0,unsubtitled,33
1600s,1601-1620,1601-1620,1601-1650,1603,0,unsubtitled,32
1600s,1601-1620,1601-1620,1601-1650,1603,0,unsubtitled,52
1600s,1601-1620,1601-1620,1601-1650,1603,0,unsubtitled,25
1600s,1601-1620,1601-1620,1601-1650,1603,0,unsubtitled,60
1600s,1601-1620,1601-1620,1601-1650,1603,0,unsubtitled,31
1600s,1601-1620,1601-1620,1601-1650,1603,0,unsubtitled,23
1600s,1601-1620,1601-1620,1601-1650,1603,histoire gasconne,histoire,25
1600s,1601-1620,1601-1620,1601-1650,1604,0,unsubtitled,15
1600s,1601-1620,1601-1620,1601-1650,1604,0,unsubtitled,28
1600s,1601-1620,1601-1620,1601-1650,1604,0,unsubtitled,47
1600s,1601-1620,1601-1620,1601-1650,1604,0,unsubtitled,15
1600s,1601-1620,1601-1620,1601-1650,1604,0,unsubtitled,37
1600s,1601-1620,1601-1620,1601-1650,1604,0,unsubtitled,15
1600s,1601-1620,1601-1620,1601-1650,1605,0,unsubtitled,21
1600s,1601-1620,1601-1620,1601-1650,1605,0,unsubtitled,32
1600s,1601-1620,1601-1620,1601-1650,1605,0,unsubtitled,14
1600s,1601-1620,1601-1620,1601-1650,1605,0,unsubtitled,56
1600s,1601-1620,1601-1620,1601-1650,1605,0,unsubtitled,16
1600s,1601-1620,1601-1620,1601-1650,1605,0,unsubtitled,43
1600s,1601-1620,1601-1620,1601-1650,1607,0,unsubtitled,24
1600s,1601-1620,1601-1620,1601-1650,1607,0,unsubtitled,20
1600s,1601-1620,1601-1620,1601-1650,1607,0,unsubtitled,12
1600s,1601-1620,1601-1620,1601-1650,1607,0,unsubtitled,21
1600s,1601-1620,1601-1620,1601-1650,1607,0,unsubtitled,1015
1600s,1601-1620,1601-1620,1601-1650,1608,0,unsubtitled,49
1600s,1601-1620,1601-1620,1601-1650,1608,0,unsubtitled,94
1600s,1601-1620,1601-1620,1601-1650,1608,0,unsubtitled,10
1600s,1601-1620,1601-1620,1601-1650,1608,0,unsubtitled,12
1600s,1601-1620,1601-1620,1601-1650,1609,0,unsubtitled,34
1600s,1601-1620,1601-1620,1601-1650,1609,0,unsubtitled,27
1600s,1601-1620,1601-1620,1601-1650,1609,0,unsubtitled,113
1600s,1601-1620,1601-1620,1601-1650,1609,0,unsubtitled,182
1600s,1601-1620,1601-1620,1601-1650,1609,0,unsubtitled,24
1610s,1601-1620,1601-1620,1601-1650,1611,0,unsubtitled,21
1610s,1601-1620,1601-1620,1601-1650,1611,0,unsubtitled,48
1610s,1601-1620,1601-1620,1601-1650,1611,0,unsubtitled,20
1610s,1601-1620,1601-1620,1601-1650,1611,0,unsubtitled,18
1610s,1601-1620,1601-1620,1601-1650,1611,0,unsubtitled,10
1610s,1601-1620,1601-1620,1601-1650,1611,0,unsubtitled,64
1610s,1601-1620,1601-1620,1601-1650,1612,0,unsubtitled,33
1610s,1601-1620,1601-1620,1601-1650,1612,0,unsubtitled,57
1610s,1601-1620,1601-1620,1601-1650,1612,0,unsubtitled,37
1610s,1601-1620,1601-1620,1601-1650,1612,0,unsubtitled,16
1610s,1601-1620,1601-1620,1601-1650,1612,0,unsubtitled,80
1610s,1601-1620,1601-1620,1601-1650,1613,0,unsubtitled,12
1610s,1601-1620,1601-1620,1601-1650,1613,0,unsubtitled,54
1610s,1601-1620,1601-1620,1601-1650,1613,0,unsubtitled,118
1610s,1601-1620,1601-1620,1601-1650,1613,0,unsubtitled,11
1610s,1601-1620,1601-1620,1601-1650,1613,0,unsubtitled,27
1610s,1601-1620,1601-1620,1601-1650,1613,0,unsubtitled,46
1610s,1601-1620,1601-1620,1601-1650,1614,0,unsubtitled,45
1610s,1601-1620,1601-1620,1601-1650,1614,0,unsubtitled,51
1610s,1601-1620,1601-1620,1601-1650,1614,0,unsubtitled,41
1610s,1601-1620,1601-1620,1601-1650,1615,0,unsubtitled,100
1610s,1601-1620,1601-1620,1601-1650,1615,0,unsubtitled,94
1610s,1601-1620,1601-1620,1601-1650,1615,0,unsubtitled,25
1610s,1601-1620,1601-1620,1601-1650,1615,0,unsubtitled,55
1610s,1601-1620,1601-1620,1601-1650,1617,0,unsubtitled,62
1610s,1601-1620,1601-1620,1601-1650,1617,0,unsubtitled,52
1610s,1601-1620,1601-1620,1601-1650,1617,0,unsubtitled,22
1610s,1601-1620,1601-1620,1601-1650,1617,0,unsubtitled,80
1610s,1601-1620,1601-1620,1601-1650,1617,0,unsubtitled,16
1610s,1601-1620,1601-1620,1601-1650,1618,0,unsubtitled,29
1610s,1601-1620,1601-1620,1601-1650,1618,0,unsubtitled,56
1610s,1601-1620,1601-1620,1601-1650,1618,0,unsubtitled,39
1610s,1601-1620,1601-1620,1601-1650,1618,0,unsubtitled,22
1610s,1601-1620,1601-1620,1601-1650,1618,0,unsubtitled,72
1610s,1601-1620,1601-1620,1601-1650,1618,histoire trs vritable,histoire,34
1610s,1601-1620,1601-1620,1601-1650,1619,0,unsubtitled,54
1610s,1601-1620,1601-1620,1601-1650,1619,0,unsubtitled,79
1610s,1601-1620,1601-1620,1601-1650,1619,0,unsubtitled,58
1610s,1601-1620,1601-1620,1601-1650,1619,histoire de ce temps.,histoire,23
1620s,1621-1640,1621-1640,1601-1650,1621,0,unsubtitled,34
1620s,1621-1640,1621-1640,1601-1650,1621,0,unsubtitled,48
1620s,1621-1640,1621-1640,1601-1650,1621,0,unsubtitled,70
1620s,1621-1640,1621-1640,1601-1650,1621,0,unsubtitled,53
1620s,1621-1640,1621-1640,1601-1650,1621,0,unsubtitled,149
1620s,1621-1640,1621-1640,1601-1650,1621,0,unsubtitled,52
1620s,1621-1640,1621-1640,1601-1650,1621,0,unsubtitled,48
1620s,1621-1640,1621-1640,1601-1650,1621,histoire de ce temps,histoire,36
1620s,1621-1640,1621-1640,1601-1650,1621,histoire dvote [É],histoire,220
1620s,1621-1640,1621-1640,1601-1650,1621,histoire napolitaine,histoire,186
1620s,1621-1640,1621-1640,1601-1650,1621,histoire vritable de ce temps,histoire,35
1620s,1621-1640,1621-1640,1601-1650,1621,vnement tragique de notre temps,other,84
1620s,1621-1640,1621-1640,1601-1650,1622,0,unsubtitled,625
1620s,1621-1640,1621-1640,1601-1650,1622,0,unsubtitled,30
1620s,1621-1640,1621-1640,1601-1650,1622,0,unsubtitled,130
1620s,1621-1640,1621-1640,1601-1650,1622,0,unsubtitled,128
1620s,1621-1640,1621-1640,1601-1650,1623,0,unsubtitled,36
1620s,1621-1640,1621-1640,1601-1650,1623,0,unsubtitled,68
1620s,1621-1640,1621-1640,1601-1650,1623,0,unsubtitled,116
1620s,1621-1640,1621-1640,1601-1650,1623,0,unsubtitled,26
1620s,1621-1640,1621-1640,1601-1650,1623,0,unsubtitled,100
1620s,1621-1640,1621-1640,1601-1650,1623,0,unsubtitled,52
1620s,1621-1640,1621-1640,1601-1650,1623,0,unsubtitled,29
1620s,1621-1640,1621-1640,1601-1650,1623,0,unsubtitled,92
1620s,1621-1640,1621-1640,1601-1650,1623,0,unsubtitled,19
1620s,1621-1640,1621-1640,1601-1650,1623,0,unsubtitled,212
1620s,1621-1640,1621-1640,1601-1650,1623,histoire de ce temps,histoire,22
1620s,1621-1640,1621-1640,1601-1650,1623,histoire grnadine,histoire,36
1620s,1621-1640,1621-1640,1601-1650,1623,histoire vritable,histoire,47
1620s,1621-1640,1621-1640,1601-1650,1623,histoire vritable de notre temps,histoire,61
1620s,1621-1640,1621-1640,1601-1650,1624,0,unsubtitled,20
1620s,1621-1640,1621-1640,1601-1650,1624,0,unsubtitled,29
1620s,1621-1640,1621-1640,1601-1650,1624,0,unsubtitled,66
1620s,1621-1640,1621-1640,1601-1650,1624,0,unsubtitled,15
1620s,1621-1640,1621-1640,1601-1650,1624,0,unsubtitled,107
1620s,1621-1640,1621-1640,1601-1650,1624,0,unsubtitled,69
1620s,1621-1640,1621-1640,1601-1650,1624,0,unsubtitled,105
1620s,1621-1640,1621-1640,1601-1650,1624,0,unsubtitled,60
1620s,1621-1640,1621-1640,1601-1650,1624,0,unsubtitled,45
1620s,1621-1640,1621-1640,1601-1650,1624,0,unsubtitled,136
1620s,1621-1640,1621-1640,1601-1650,1624,0,unsubtitled,156
1620s,1621-1640,1621-1640,1601-1650,1624,0,unsubtitled,42
1620s,1621-1640,1621-1640,1601-1650,1624,histoire germanique,histoire,36
1620s,1621-1640,1621-1640,1601-1650,1624,histoire vritableÉ,histoire,18
1620s,1621-1640,1621-1640,1601-1650,1624,vraie histoire,histoire,15
1620s,1621-1640,1621-1640,1601-1650,1624,amoureuses avantures du temps,other,232
1620s,1621-1640,1621-1640,1601-1650,1625,0,unsubtitled,144
1620s,1621-1640,1621-1640,1601-1650,1625,0,unsubtitled,32
1620s,1621-1640,1621-1640,1601-1650,1625,0,unsubtitled,287
1620s,1621-1640,1621-1640,1601-1650,1625,0,unsubtitled,96
1620s,1621-1640,1621-1640,1601-1650,1625,0,unsubtitled,107
1620s,1621-1640,1621-1640,1601-1650,1625,0,unsubtitled,62
1620s,1621-1640,1621-1640,1601-1650,1625,0,unsubtitled,51
1620s,1621-1640,1621-1640,1601-1650,1625,0,unsubtitled,17
1620s,1621-1640,1621-1640,1601-1650,1625,0,unsubtitled,47
1620s,1621-1640,1621-1640,1601-1650,1625,0,unsubtitled,14
1620s,1621-1640,1621-1640,1601-1650,1625,histoire aragonnoise,histoire,38
1620s,1621-1640,1621-1640,1601-1650,1625,histoire catalane,histoire,117
1620s,1621-1640,1621-1640,1601-1650,1625,"histoire de notre temps o sous noms feints sont reprsents les amours du roi et de la reine d'Angleterre, avec tous les voyages qu'il a fait, tant en France qu'en Espagne",histoire,72
1620s,1621-1640,1621-1640,1601-1650,1625,histoire parisienne,histoire,106
1620s,1621-1640,1621-1640,1601-1650,1625,relation funeste o se dcouvre la main de Dieu sur les impies,other,49
1620s,1621-1640,1621-1640,1601-1650,1627,0,unsubtitled,278
1620s,1621-1640,1621-1640,1601-1650,1627,0,unsubtitled,36
1620s,1621-1640,1621-1640,1601-1650,1627,0,unsubtitled,116
1620s,1621-1640,1621-1640,1601-1650,1627,0,unsubtitled,26
1620s,1621-1640,1621-1640,1601-1650,1627,0,unsubtitled,277
1620s,1621-1640,1621-1640,1601-1650,1627,histoire allemande,histoire,18
1620s,1621-1640,1621-1640,1601-1650,1627,histoire belgique,histoire,45
1620s,1621-1640,1621-1640,1601-1650,1627,histoire catalane,histoire,44
1620s,1621-1640,1621-1640,1601-1650,1627,histoire nouvelle et vritable de ce temps,histoire,38
1620s,1621-1640,1621-1640,1601-1650,1628,0,unsubtitled,114
1620s,1621-1640,1621-1640,1601-1650,1628,0,unsubtitled,21
1620s,1621-1640,1621-1640,1601-1650,1628,0,unsubtitled,15
1620s,1621-1640,1621-1640,1601-1650,1628,0,unsubtitled,37
1620s,1621-1640,1621-1640,1601-1650,1628,0,unsubtitled,12
1620s,1621-1640,1621-1640,1601-1650,1628,0,unsubtitled,96
1620s,1621-1640,1621-1640,1601-1650,1628,0,unsubtitled,86
1620s,1621-1640,1621-1640,1601-1650,1628,0,unsubtitled,133
1620s,1621-1640,1621-1640,1601-1650,1628,0,unsubtitled,44
1620s,1621-1640,1621-1640,1601-1650,1628,histoire trs vritable,histoire,39
1620s,1621-1640,1621-1640,1601-1650,1628,deux vnements curieux,other,11
1620s,1621-1640,1621-1640,1601-1650,1629,0,unsubtitled,13
1620s,1621-1640,1621-1640,1601-1650,1629,0,unsubtitled,74
1620s,1621-1640,1621-1640,1601-1650,1629,0,unsubtitled,21
1620s,1621-1640,1621-1640,1601-1650,1629,0,unsubtitled,11
1620s,1621-1640,1621-1640,1601-1650,1629,0,unsubtitled,59
1620s,1621-1640,1621-1640,1601-1650,1629,0,unsubtitled,111
1620s,1621-1640,1621-1640,1601-1650,1629,0,unsubtitled,74
1620s,1621-1640,1621-1640,1601-1650,1629,0,unsubtitled,24
1620s,1621-1640,1621-1640,1601-1650,1629,0,unsubtitled,44
1620s,1621-1640,1621-1640,1601-1650,1629,0,unsubtitled,69
1620s,1621-1640,1621-1640,1601-1650,1629,vnement tragique arriv  Paris au faux-bourg Saint Germain,other,22
1620s,1621-1640,1621-1640,1601-1650,1630,0,unsubtitled,217
1620s,1621-1640,1621-1640,1601-1650,1630,0,unsubtitled,192
1620s,1621-1640,1621-1640,1601-1650,1630,0,unsubtitled,41
1620s,1621-1640,1621-1640,1601-1650,1630,0,unsubtitled,219
1620s,1621-1640,1621-1640,1601-1650,1630,histoire curieuse et apologtique pour les religieux,histoire,54
1630s,1621-1640,1621-1640,1601-1650,1631,0,unsubtitled,55
1630s,1621-1640,1621-1640,1601-1650,1631,0,unsubtitled,55
1630s,1621-1640,1621-1640,1601-1650,1631,0,unsubtitled,105
1630s,1621-1640,1621-1640,1601-1650,1631,0,unsubtitled,21
1630s,1621-1640,1621-1640,1601-1650,1631,0,unsubtitled,14
1630s,1621-1640,1621-1640,1601-1650,1632,0,unsubtitled,216
1630s,1621-1640,1621-1640,1601-1650,1632,0,unsubtitled,96
1630s,1621-1640,1621-1640,1601-1650,1632,0,unsubtitled,66
1630s,1621-1640,1621-1640,1601-1650,1632,0,unsubtitled,337
1630s,1621-1640,1621-1640,1601-1650,1632,0,unsubtitled,285
1630s,1621-1640,1621-1640,1601-1650,1633,0,unsubtitled,92
1630s,1621-1640,1621-1640,1601-1650,1633,0,unsubtitled,73
1630s,1621-1640,1621-1640,1601-1650,1633,0,unsubtitled,62
1630s,1621-1640,1621-1640,1601-1650,1634,0,unsubtitled,44
1630s,1621-1640,1621-1640,1601-1650,1634,0,unsubtitled,71
1630s,1621-1640,1621-1640,1601-1650,1634,0,unsubtitled,107
1630s,1621-1640,1621-1640,1601-1650,1634,0,unsubtitled,148
1630s,1621-1640,1621-1640,1601-1650,1634,histoire neapolitaine,histoire,20
1630s,1621-1640,1621-1640,1601-1650,1635,0,unsubtitled,22
1630s,1621-1640,1621-1640,1601-1650,1635,0,unsubtitled,67
1630s,1621-1640,1621-1640,1601-1650,1635,0,unsubtitled,39
1630s,1621-1640,1621-1640,1601-1650,1635,0,unsubtitled,104
1630s,1621-1640,1621-1640,1601-1650,1635,0,unsubtitled,84
1630s,1621-1640,1621-1640,1601-1650,1635,0,unsubtitled,112
1630s,1621-1640,1621-1640,1601-1650,1635,0,unsubtitled,53
1630s,1621-1640,1621-1640,1601-1650,1635,0,unsubtitled,36
1630s,1621-1640,1621-1640,1601-1650,1635,histoire de ce temps,histoire,150
1630s,1621-1640,1621-1640,1601-1650,1637,0,unsubtitled,101
1630s,1621-1640,1621-1640,1601-1650,1637,0,unsubtitled,90
1630S,1621-1640,1621-1640,1601-1650,1637,0,unsubtitled,518
1630s,1621-1640,1621-1640,1601-1650,1637,0,unsubtitled,44
1630s,1621-1640,1621-1640,1601-1650,1637,histoire comique,histoire,93
1630s,1621-1640,1621-1640,1601-1650,1638,0,unsubtitled,57
1630s,1621-1640,1621-1640,1601-1650,1638,0,unsubtitled,74
1630s,1621-1640,1621-1640,1601-1650,1638,0,unsubtitled,281
1630s,1621-1640,1621-1640,1601-1650,1638,0,unsubtitled,17
1630s,1621-1640,1621-1640,1601-1650,1638,histoire indienne,histoire,72
1630s,1621-1640,1621-1640,1601-1650,1639,0,unsubtitled,38
1630s,1621-1640,1621-1640,1601-1650,1639,histoire romaine,histoire,62
1630s,1621-1640,1621-1640,1601-1650,1639,histoire vritable,histoire,91
1640s,1641-1660,1641-1660,1601-1650,1641,0,unsubtitled,387
1640s,1641-1660,1641-1660,1601-1650,1642,0,unsubtitled,63
1640s,1641-1660,1641-1660,1601-1650,1642,0,unsubtitled,36
1640s,1641-1660,1641-1660,1601-1650,1642,0,unsubtitled,692
1640s,1641-1660,1641-1660,1601-1650,1642,0,unsubtitled,116
1640s,1641-1660,1641-1660,1601-1650,1642,0,unsubtitled,136
1640s,1641-1660,1641-1660,1601-1650,1642,0,unsubtitled,86
1640s,1641-1660,1641-1660,1601-1650,1643,0,unsubtitled,55
1640s,1641-1660,1641-1660,1601-1650,1643,0,unsubtitled,126
1640s,1641-1660,1641-1660,1601-1650,1643,0,unsubtitled,82
1640s,1641-1660,1641-1660,1601-1650,1644,0,unsubtitled,13
1640s,1641-1660,1641-1660,1601-1650,1644,0,unsubtitled,120
1640s,1641-1660,1641-1660,1601-1650,1644,0,unsubtitled,96
1640s,1641-1660,1641-1660,1601-1650,1644,0,unsubtitled,192
1640s,1641-1660,1641-1660,1601-1650,1645,0,unsubtitled,305
1640s,1641-1660,1641-1660,1601-1650,1645,0,unsubtitled,102
1640s,1641-1660,1641-1660,1601-1650,1645,0,unsubtitled,68
1640s,1641-1660,1641-1660,1601-1650,1645,0,unsubtitled,146
1640s,1641-1660,1641-1660,1601-1650,1645,0,unsubtitled,10
1640s,1641-1660,1641-1660,1601-1650,1645,0,unsubtitled,168
1640s,1641-1660,1641-1660,1601-1650,1647,0,unsubtitled,123
1640s,1641-1660,1641-1660,1601-1650,1647,0,unsubtitled,162
1640s,1641-1660,1641-1660,1601-1650,1647,0,unsubtitled,52
1640s,1641-1660,1641-1660,1601-1650,1647,0,unsubtitled,295
1640s,1641-1660,1641-1660,1601-1650,1647,0,unsubtitled,37
1640s,1641-1660,1641-1660,1601-1650,1648,0,unsubtitled,11
1640s,1641-1660,1641-1660,1601-1650,1648,0,unsubtitled,143
1640s,1641-1660,1641-1660,1601-1650,1648,0,unsubtitled,180
1640s,1641-1660,1641-1660,1601-1650,1648,0,unsubtitled,200
1640s,1641-1660,1641-1660,1601-1650,1648,0,unsubtitled,263
1640s,1641-1660,1641-1660,1601-1650,1648,histoire comique,histoire,127
1640s,1641-1660,1641-1660,1601-1650,1648,histoire veritable de ce temps,histoire,12
1640s,1641-1660,1641-1660,1601-1650,1649,0,unsubtitled,1945
1650s,1641-1660,1641-1660,1651-1700,1651,0,unsubtitled,13
1650s,1641-1660,1641-1660,1651-1700,1651,0,unsubtitled,107
1650s,1641-1660,1641-1660,1651-1700,1651,0,unsubtitled,105
1650s,1641-1660,1641-1660,1651-1700,1651,0,unsubtitled,97
1650s,1641-1660,1641-1660,1651-1700,1654,0,unsubtitled,190
1650s,1641-1660,1641-1660,1651-1700,1654,histoire romaine,histoire,1001
1650s,1641-1660,1641-1660,1651-1700,1655,0,unsubtitled,82
1650s,1641-1660,1641-1660,1651-1700,1657,0,unsubtitled,35
1650s,1641-1660,1641-1660,1651-1700,1657,0,unsubtitled,100
1650s,1641-1660,1641-1660,1651-1700,1657,0,unsubtitled,119
1650s,1641-1660,1641-1660,1651-1700,1658,0,unsubtitled,16
1650s,1641-1660,1641-1660,1651-1700,1658,0,unsubtitled,72
1650s,1641-1660,1641-1660,1651-1700,1658,"histoire comique ou romanesque, si vous voulez",histoire,48
1650s,1641-1660,1641-1660,1651-1700,1658,nouvelle,nouvelle,15
1650s,1641-1660,1641-1660,1651-1700,1658,nouvelle,nouvelle,17
1650s,1641-1660,1641-1660,1651-1700,1659,0,unsubtitled,64
1650s,1641-1660,1641-1660,1651-1700,1659,0,unsubtitled,12
1650s,1641-1660,1641-1660,1651-1700,1659,0,unsubtitled,15
1660s,1661-1680,1661-1680,1651-1700,1661,0,unsubtitled,1060
1660s,1661-1680,1661-1680,1651-1700,1661,0,unsubtitled,63
1660s,1661-1680,1661-1680,1651-1700,1661,0,unsubtitled,92
1660s,1661-1680,1661-1680,1651-1700,1661,histoire allgorique,histoire,15
1660s,1661-1680,1661-1680,1651-1700,1661,nouvelle,nouvelle,17
1660s,1661-1680,1661-1680,1651-1700,1661,nouvelle premiere,nouvelle,45
1660s,1661-1680,1661-1680,1651-1700,1662,0,unsubtitled,43
1660s,1661-1680,1661-1680,1651-1700,1662,0,unsubtitled,58
1660s,1661-1680,1661-1680,1651-1700,1662,0,unsubtitled,12
1660s,1661-1680,1661-1680,1651-1700,1662,0,unsubtitled,43
1660s,1661-1680,1661-1680,1651-1700,1662,nouvelle,nouvelle,30
1660s,1661-1680,1661-1680,1651-1700,1662,nouvelle,nouvelle,11
1660s,1661-1680,1661-1680,1651-1700,1662,demi-roman comique ou roman demi-comique,other,15
1660s,1661-1680,1661-1680,1651-1700,1663,0,unsubtitled,18
1660s,1661-1680,1661-1680,1651-1700,1663,nouvelle,nouvelle,51
1660s,1661-1680,1661-1680,1651-1700,1663,nouvelle,nouvelle,30
1660s,1661-1680,1661-1680,1651-1700,1664,0,unsubtitled,21
1660s,1661-1680,1661-1680,1651-1700,1664,0,unsubtitled,165
1660s,1661-1680,1661-1680,1651-1700,1664,0,unsubtitled,10
1660s,1661-1680,1661-1680,1651-1700,1664,nouvelle,nouvelle,22
1660s,1661-1680,1661-1680,1651-1700,1664,premiere nouvelle,nouvelle,41
1660s,1661-1680,1661-1680,1651-1700,1665,0,unsubtitled,43
1660s,1661-1680,1661-1680,1651-1700,1665,0,unsubtitled,111
1660s,1661-1680,1661-1680,1651-1700,1665,0,unsubtitled,520
1660s,1661-1680,1661-1680,1651-1700,1665,histoire galante,histoire,18
1660s,1661-1680,1661-1680,1651-1700,1665,nouvelle,nouvelle,13
1660s,1661-1680,1661-1680,1651-1700,1665,nouvelle allgorique,nouvelle,14
1660s,1661-1680,1661-1680,1651-1700,1667,0,unsubtitled,75
1660s,1661-1680,1661-1680,1651-1700,1667,0,unsubtitled,17
1660s,1661-1680,1661-1680,1651-1700,1667,0,unsubtitled,10
1660s,1661-1680,1661-1680,1651-1700,1667,0,unsubtitled,118
1660s,1661-1680,1661-1680,1651-1700,1667,0,unsubtitled,68
1660s,1661-1680,1661-1680,1651-1700,1667,0,unsubtitled,10
1660s,1661-1680,1661-1680,1651-1700,1667,histoire asiatique et romaine,histoire,110
1660s,1661-1680,1661-1680,1651-1700,1668,0,unsubtitled,37
1660s,1661-1680,1661-1680,1651-1700,1668,0,unsubtitled,145
1660s,1661-1680,1661-1680,1651-1700,1668,histoire amoureuse de ce temps,histoire,11
1660s,1661-1680,1661-1680,1651-1700,1668,histoire grecque,histoire,111
1660s,1661-1680,1661-1680,1651-1700,1668,nouvelle galante,nouvelle,28
1660s,1661-1680,1661-1680,1651-1700,1669,0,unsubtitled,10
1660s,1661-1680,1661-1680,1651-1700,1669,0,unsubtitled,57
1660s,1661-1680,1661-1680,1651-1700,1669,0,unsubtitled,71
1660s,1661-1680,1661-1680,1651-1700,1669,0,unsubtitled,19
1660s,1661-1680,1661-1680,1651-1700,1669,0,unsubtitled,108
1660s,1661-1680,1661-1680,1651-1700,1669,histoire comique,histoire,31
1660s,1661-1680,1661-1680,1651-1700,1669,histoire de notre temps,histoire,22
1660s,1661-1680,1661-1680,1651-1700,1669,nouvelle,nouvelle,16
1670s,1661-1680,1661-1680,1651-1700,1671,0,unsubtitled,80
1670s,1661-1680,1661-1680,1651-1700,1671,0,unsubtitled,21
1670s,1661-1680,1661-1680,1651-1700,1671,0,unsubtitled,37
1670s,1661-1680,1661-1680,1651-1700,1671,0,unsubtitled,26
1670s,1661-1680,1661-1680,1651-1700,1671,0,unsubtitled,30
1670s,1661-1680,1661-1680,1651-1700,1671,0,unsubtitled,80
1670s,1661-1680,1661-1680,1651-1700,1671,nouvelle,nouvelle,18
1670s,1661-1680,1661-1680,1651-1700,1671,nouvelle galante,nouvelle,20
1670s,1661-1680,1661-1680,1651-1700,1671,nouvelle galante,nouvelle,23
1670s,1661-1680,1661-1680,1651-1700,1671,nouvelle galante et amoureuse,nouvelle,22
1670s,1661-1680,1661-1680,1651-1700,1671,nouvelle galanterie (sic),nouvelle,48
1670s,1661-1680,1661-1680,1651-1700,1672,0,unsubtitled,38
1670s,1661-1680,1661-1680,1651-1700,1672,0,unsubtitled,31
1670s,1661-1680,1661-1680,1651-1700,1672,0,unsubtitled,32
1670s,1661-1680,1661-1680,1651-1700,1672,0,unsubtitled,48
1670s,1661-1680,1661-1680,1651-1700,1672,0,unsubtitled,109
1670s,1661-1680,1661-1680,1651-1700,1672,histoire du temps,histoire,19
1670s,1661-1680,1661-1680,1651-1700,1672,nouvelle,nouvelle,30
1670s,1661-1680,1661-1680,1651-1700,1672,nouvelle,nouvelle,15
1670s,1661-1680,1661-1680,1651-1700,1672,nouvelle historique,nouvelle,21
1670s,1661-1680,1661-1680,1651-1700,1672,premire nouvelle de l'inconnu,nouvelle,12
1670s,1661-1680,1661-1680,1651-1700,1673,0,unsubtitled,54
1670s,1661-1680,1661-1680,1651-1700,1673,0,unsubtitled,66
1670s,1661-1680,1661-1680,1651-1700,1673,0,unsubtitled,57
1670s,1661-1680,1661-1680,1651-1700,1673,0,unsubtitled,34
1670s,1661-1680,1661-1680,1651-1700,1673,0,unsubtitled,23
1670s,1661-1680,1661-1680,1651-1700,1673,histoire du temps,histoire,38
1670s,1661-1680,1661-1680,1651-1700,1674,0,unsubtitled,76
1670s,1661-1680,1661-1680,1651-1700,1674,0,unsubtitled,39
1670s,1661-1680,1661-1680,1651-1700,1674,histoire romaine,histoire,26
1670s,1661-1680,1661-1680,1651-1700,1674,histoire romaine,histoire,38
1670s,1661-1680,1661-1680,1651-1700,1674,nouvelle,nouvelle,14
1670s,1661-1680,1661-1680,1651-1700,1675,0,unsubtitled,11
1670s,1661-1680,1661-1680,1651-1700,1675,0,unsubtitled,10
1670s,1661-1680,1661-1680,1651-1700,1675,0,unsubtitled,26
1670s,1661-1680,1661-1680,1651-1700,1675,0,unsubtitled,47
1670s,1661-1680,1661-1680,1651-1700,1675,0,unsubtitled,21
1670s,1661-1680,1661-1680,1651-1700,1675,nouvelle historique,nouvelle,50
1670s,1661-1680,1661-1680,1651-1700,1675,nouvelle historique,nouvelle,30
1670s,1661-1680,1661-1680,1651-1700,1675,nouvelle historique,nouvelle,18
1670s,1661-1680,1661-1680,1651-1700,1677,0,unsubtitled,54
1670s,1661-1680,1661-1680,1651-1700,1677,0,unsubtitled,69
1670s,1661-1680,1661-1680,1651-1700,1677,0,unsubtitled,22
1670s,1661-1680,1661-1680,1651-1700,1677,0,unsubtitled,35
1670s,1661-1680,1661-1680,1651-1700,1677,0,unsubtitled,103
1670s,1661-1680,1661-1680,1651-1700,1677,0,unsubtitled,51
1670s,1661-1680,1661-1680,1651-1700,1677,histoire vritable,histoire,88
1670s,1661-1680,1661-1680,1651-1700,1677,nouvelle,nouvelle,26
1670s,1661-1680,1661-1680,1651-1700,1677,nouvelle historique,nouvelle,21
1670s,1661-1680,1661-1680,1651-1700,1678,0,unsubtitled,51
1670s,1661-1680,1661-1680,1651-1700,1678,0,unsubtitled,33
1670s,1661-1680,1661-1680,1651-1700,1678,0,unsubtitled,34
1670s,1661-1680,1661-1680,1651-1700,1678,0,unsubtitled,32
1670s,1661-1680,1661-1680,1651-1700,1678,0,unsubtitled,35
1670s,1661-1680,1661-1680,1651-1700,1678,0,unsubtitled,56
1670s,1661-1680,1661-1680,1651-1700,1678,0,unsubtitled,17
1670s,1661-1680,1661-1680,1651-1700,1678,0,unsubtitled,18
1670s,1661-1680,1661-1680,1651-1700,1678,0,unsubtitled,25
1670s,1661-1680,1661-1680,1651-1700,1678,0,unsubtitled,18
1670s,1661-1680,1661-1680,1651-1700,1678,0,unsubtitled,19
1670s,1661-1680,1661-1680,1651-1700,1678,histoire anglaise,histoire,18
1670s,1661-1680,1661-1680,1651-1700,1678,histoire du temps,histoire,21
1670s,1661-1680,1661-1680,1651-1700,1678,histoire galante,histoire,11
1670s,1661-1680,1661-1680,1651-1700,1678,histoire nouvelle,histoire,11
1670s,1661-1680,1661-1680,1651-1700,1678,histoire turque,histoire,15
1670s,1661-1680,1661-1680,1651-1700,1678,nouvelle comi-galante,nouvelle,24
1670s,1661-1680,1661-1680,1651-1700,1678,nouvelle historique,nouvelle,35
1670s,1661-1680,1661-1680,1651-1700,1678,nouvelle historique,nouvelle,21
1670s,1661-1680,1661-1680,1651-1700,1678,nouvelle historique,nouvelle,20
1670s,1661-1680,1661-1680,1651-1700,1678,nouvelle historique,nouvelle,19
1670s,1661-1680,1661-1680,1651-1700,1678,nouvelle historique,nouvelle,12
1670s,1661-1680,1661-1680,1651-1700,1679,0,unsubtitled,18
1670s,1661-1680,1661-1680,1651-1700,1679,0,unsubtitled,16
1670s,1661-1680,1661-1680,1651-1700,1679,0,unsubtitled,37
1670s,1661-1680,1661-1680,1651-1700,1679,histoire galante,histoire,11
1670s,1661-1680,1661-1680,1651-1700,1679,histoire galante,histoire,14
1670s,1661-1680,1661-1680,1651-1700,1679,histoire galante et vritable,histoire,26
1670s,1661-1680,1661-1680,1651-1700,1679,nouvelle historique,nouvelle,13
1670s,1661-1680,1661-1680,1651-1700,1679,nouvelle historique,nouvelle,44
1670s,1661-1680,1661-1680,1651-1700,1679,nouvelle historique,nouvelle,15
1680s,1681-1700,1681-1700,1651-1700,1686,0,unsubtitled,14
1680s,1681-1700,1681-1700,1651-1700,1686,0,unsubtitled,27
1680s,1681-1700,1681-1700,1651-1700,1686,0,unsubtitled,33
1680s,1681-1700,1681-1700,1651-1700,1686,nouvelle galante,nouvelle,25
1680s,1681-1700,1681-1700,1651-1700,1686,nouvelle galante,nouvelle,24
1680s,1681-1700,1681-1700,1651-1700,1686,nouvelle galante,nouvelle,26
1680s,1681-1700,1681-1700,1651-1700,1686,nouvelle historique,nouvelle,26
1680s,1681-1700,1681-1700,1651-1700,1686,nouvelle historique,nouvelle,17
1680s,1681-1700,1681-1700,1651-1700,1687,0,unsubtitled,11
1680s,1681-1700,1681-1700,1651-1700,1687,0,unsubtitled,168
1680s,1681-1700,1681-1700,1651-1700,1687,0,unsubtitled,14
1680s,1681-1700,1681-1700,1651-1700,1687,histoire persane,histoire,47
1680s,1681-1700,1681-1700,1651-1700,1687,nouvelle,nouvelle,13
1680s,1681-1700,1681-1700,1651-1700,1687,nouvelle galante,nouvelle,23
1680s,1681-1700,1681-1700,1651-1700,1687,nouvelle gyptienne,nouvelle,11
1680s,1681-1700,1681-1700,1651-1700,1687,nouvelle historique,nouvelle,68
1680s,1681-1700,1681-1700,1651-1700,1688,0,unsubtitled,13
1680s,1681-1700,1681-1700,1651-1700,1688,0,unsubtitled,21
1680s,1681-1700,1681-1700,1651-1700,1688,0,unsubtitled,10
1680s,1681-1700,1681-1700,1651-1700,1688,histoire de sparte,histoire,32
1680s,1681-1700,1681-1700,1651-1700,1688,nouvelle,nouvelle,29
1680s,1681-1700,1681-1700,1651-1700,1688,nouvelle,nouvelle,24
1680s,1681-1700,1681-1700,1651-1700,1688,nouvelle galante et historique,nouvelle,20
1680s,1681-1700,1681-1700,1651-1700,1688,nouvelle historique,nouvelle,21
1680s,1681-1700,1681-1700,1651-1700,1688,nouvelle historique et galante,nouvelle,19
1680s,1681-1700,1681-1700,1651-1700,1688,nouvelle portuguaise,nouvelle,14
1680s,1681-1700,1681-1700,1651-1700,1689,0,unsubtitled,24
1680s,1681-1700,1681-1700,1651-1700,1689,0,unsubtitled,24
1680s,1681-1700,1681-1700,1651-1700,1689,0,unsubtitled,17
1680s,1681-1700,1681-1700,1651-1700,1689,nouvelle,nouvelle,34
1680s,1681-1700,1681-1700,1651-1700,1690,0,unsubtitled,75
1680s,1681-1700,1681-1700,1651-1700,1690,0,unsubtitled,11
1680s,1681-1700,1681-1700,1651-1700,1690,0,unsubtitled,14
1680s,1681-1700,1681-1700,1651-1700,1690,0,unsubtitled,24
1680s,1681-1700,1681-1700,1651-1700,1690,nouvelle galante,nouvelle,50
1690s,1681-1700,1681-1700,1651-1700,1696,0,unsubtitled,19
1690s,1681-1700,1681-1700,1651-1700,1696,0,unsubtitled,19
1690s,1681-1700,1681-1700,1651-1700,1696,0,unsubtitled,59
1690s,1681-1700,1681-1700,1651-1700,1696,0,unsubtitled,46
1690s,1681-1700,1681-1700,1651-1700,1696,0,unsubtitled,35
1690s,1681-1700,1681-1700,1651-1700,1696,0,unsubtitled,31
1690s,1681-1700,1681-1700,1651-1700,1696,0,unsubtitled,100
1690s,1681-1700,1681-1700,1651-1700,1696,0,unsubtitled,20
1690s,1681-1700,1681-1700,1651-1700,1696,0,unsubtitled,140
1690s,1681-1700,1681-1700,1651-1700,1696,histoire d'Angleterre,histoire,85
1690s,1681-1700,1681-1700,1651-1700,1696,histoire galante,histoire,32
1690s,1681-1700,1681-1700,1651-1700,1696,histoires galantes ,histoire,69
1690s,1681-1700,1681-1700,1651-1700,1696,nouvelle espagnole,nouvelle,25
1690s,1681-1700,1681-1700,1651-1700,1696,nouvelle historique,nouvelle,30
1690s,1681-1700,1681-1700,1651-1700,1697,0,unsubtitled,62
1690s,1681-1700,1681-1700,1651-1700,1697,0,unsubtitled,60
1690s,1681-1700,1681-1700,1651-1700,1697,0,unsubtitled,30
1690s,1681-1700,1681-1700,1651-1700,1697,0,unsubtitled,60
1690s,1681-1700,1681-1700,1651-1700,1697,histoire de Sude,histoire,60
1690s,1681-1700,1681-1700,1651-1700,1697,histoire galante et vritable,histoire,17
1690s,1681-1700,1681-1700,1651-1700,1697,histoire vritable,histoire,14
1690s,1681-1700,1681-1700,1651-1700,1697,nouvelle divertissante,nouvelle,30
1690s,1681-1700,1681-1700,1651-1700,1697,nouvelle divertissante,nouvelle,32
1690s,1681-1700,1681-1700,1651-1700,1697,nouvelle galante,nouvelle,25
1690s,1681-1700,1681-1700,1651-1700,1697,nouvelle historique,nouvelle,17
1690s,1681-1700,1681-1700,1651-1700,1697,nouvelle historique,nouvelle,51
1690s,1681-1700,1681-1700,1651-1700,1697,nouvelles historiques,nouvelle,16
1690s,1681-1700,1681-1700,1651-1700,1697,historiette,other,12
1690s,1681-1700,1681-1700,1651-1700,1698,0,unsubtitled,13
1690s,1681-1700,1681-1700,1651-1700,1698,0,unsubtitled,71
1690s,1681-1700,1681-1700,1651-1700,1698,0,unsubtitled,27
1690s,1681-1700,1681-1700,1651-1700,1698,0,unsubtitled,24
1690s,1681-1700,1681-1700,1651-1700,1698,0,unsubtitled,33
1690s,1681-1700,1681-1700,1651-1700,1698,0,unsubtitled,26
1690s,1681-1700,1681-1700,1651-1700,1698,0,unsubtitled,10
1690s,1681-1700,1681-1700,1651-1700,1698,0,unsubtitled,51
1690s,1681-1700,1681-1700,1651-1700,1698,0,unsubtitled,26
1690s,1681-1700,1681-1700,1651-1700,1698,histoire chrtienne,histoire,40
1690s,1681-1700,1681-1700,1651-1700,1698,histoire galante,histoire,29
1690s,1681-1700,1681-1700,1651-1700,1698,histoire galante et tragique,histoire,31
1690s,1681-1700,1681-1700,1651-1700,1698,histoire gauloise,histoire,18
1690s,1681-1700,1681-1700,1651-1700,1698,nouvelle espagnole,nouvelle,21
1690s,1681-1700,1681-1700,1651-1700,1698,nouvelle galante,nouvelle,12
1690s,1681-1700,1681-1700,1651-1700,1698,nouvelle galante,nouvelle,23
1690s,1681-1700,1681-1700,1651-1700,1698,"nouvelle galante, historique, et morale",nouvelle,12
1690s,1681-1700,1681-1700,1651-1700,1698,nouvelle historique,nouvelle,43
1690s,1681-1700,1681-1700,1651-1700,1698,nouvelle historique,nouvelle,25
1690s,1681-1700,1681-1700,1651-1700,1698,nouvelle historique,nouvelle,34
1690s,1681-1700,1681-1700,1651-1700,1699,0,unsubtitled,24
1690s,1681-1700,1681-1700,1651-1700,1699,0,unsubtitled,42
1690s,1681-1700,1681-1700,1651-1700,1699,0,unsubtitled,130
1690s,1681-1700,1681-1700,1651-1700,1699,0,unsubtitled,129
1690s,1681-1700,1681-1700,1651-1700,1699,0,unsubtitled,26
1690s,1681-1700,1681-1700,1651-1700,1699,0,unsubtitled,42
1690s,1681-1700,1681-1700,1651-1700,1699,0,unsubtitled,65
1690s,1681-1700,1681-1700,1651-1700,1699,0,unsubtitled,46
1690s,1681-1700,1681-1700,1651-1700,1699,0,unsubtitled,105
1690s,1681-1700,1681-1700,1651-1700,1699,0,unsubtitled,100
1690s,1681-1700,1681-1700,1651-1700,1699,histoire du temps,histoire,17
1690s,1681-1700,1681-1700,1651-1700,1699,nouvelle,nouvelle,83
1690s,1681-1700,1681-1700,1651-1700,1699,nouvelle d'Artois,nouvelle,18
1690s,1681-1700,1681-1700,1651-1700,1699,nouvelle galante et vritable,nouvelle,25
1690s,1681-1700,1681-1700,1651-1700,1700,0,unsubtitled,30
1690s,1681-1700,1681-1700,1651-1700,1700,0,unsubtitled,32
1690s,1681-1700,1681-1700,1651-1700,1700,0,unsubtitled,35
1690s,1681-1700,1681-1700,1651-1700,1700,0,unsubtitled,70
1690s,1681-1700,1681-1700,1651-1700,1700,0,unsubtitled,30
1690s,1681-1700,1681-1700,1651-1700,1700,0,unsubtitled,38
1690s,1681-1700,1681-1700,1651-1700,1700,0,unsubtitled,500
1690s,1681-1700,1681-1700,1651-1700,1700,histoire,histoire,10
1690s,1681-1700,1681-1700,1651-1700,1700,histoire du temps,histoire,13
1690s,1681-1700,1681-1700,1651-1700,1700,histoire galante,histoire,25
1690s,1681-1700,1681-1700,1651-1700,1700,histoire romaine,histoire,14
1690s,1681-1700,1681-1700,1651-1700,1700,histoire vritable,histoire,38
1690s,1681-1700,1681-1700,1651-1700,1700,nouvelle galante,nouvelle,12
1690s,1681-1700,1681-1700,1651-1700,1700,nouvelle galante,nouvelle,20
1690s,1681-1700,1681-1700,1651-1700,1700,nouvelle galante,nouvelle,19
1690s,1681-1700,1681-1700,1651-1700,1700,nouvelle historique,nouvelle,34
1700s,1701-1720,1701-1720,1701-1750,1706,0,unsubtitled,25
1700s,1701-1720,1701-1720,1701-1750,1706,0,unsubtitled,42
1700s,1701-1720,1701-1720,1701-1750,1706,romance,other,21
1700s,1701-1720,1701-1720,1701-1750,1707,0,unsubtitled,53
1700s,1701-1720,1701-1720,1701-1750,1707,0,unsubtitled,88
1700s,1701-1720,1701-1720,1701-1750,1707,0,unsubtitled,164
1700s,1701-1720,1701-1720,1701-1750,1707,0,unsubtitled,53
1700s,1701-1720,1701-1720,1701-1750,1707,0,unsubtitled,74
1700s,1701-1720,1701-1720,1701-1750,1707,nouvelle galante,nouvelle,38
1700s,1701-1720,1701-1720,1701-1750,1707,nouvelle galante,nouvelle,25
1700s,1701-1720,1701-1720,1701-1750,1707,nouvelle galante,nouvelle,32
1700s,1701-1720,1701-1720,1701-1750,1707,nouvelle galante,nouvelle,37
1700s,1701-1720,1701-1720,1701-1750,1707,nouvelle historique,nouvelle,19
1700s,1701-1720,1701-1720,1701-1750,1708,0,unsubtitled,16
1700s,1701-1720,1701-1720,1701-1750,1708,0,unsubtitled,94
1700s,1701-1720,1701-1720,1701-1750,1708,nouvelle espagnole,nouvelle,38
1700s,1701-1720,1701-1720,1701-1750,1708,nouvelle galante,nouvelle,53
1700s,1701-1720,1701-1720,1701-1750,1708,nouvelle galante,nouvelle,10
1700s,1701-1720,1701-1720,1701-1750,1708,nouvelle historique et galante,nouvelle,26
1700s,1701-1720,1701-1720,1701-1750,1708,nouvelles galantes,nouvelle,32
1700s,1701-1720,1701-1720,1701-1750,1709,0,unsubtitled,45
1700s,1701-1720,1701-1720,1701-1750,1709,0,unsubtitled,38
1700s,1701-1720,1701-1720,1701-1750,1709,0,unsubtitled,36
1700s,1701-1720,1701-1720,1701-1750,1709,0,unsubtitled,44
1700s,1701-1720,1701-1720,1701-1750,1709,0,unsubtitled,42
1700s,1701-1720,1701-1720,1701-1750,1709,0,unsubtitled,17
1700s,1701-1720,1701-1720,1701-1750,1709,0,unsubtitled,37
1700s,1701-1720,1701-1720,1701-1750,1709,0,unsubtitled,78
1700s,1701-1720,1701-1720,1701-1750,1709,histoire galante,histoire,35
1700s,1701-1720,1701-1720,1701-1750,1710,0,unsubtitled,140
1700s,1701-1720,1701-1720,1701-1750,1710,0,unsubtitled,98
1700s,1701-1720,1701-1720,1701-1750,1710,0,unsubtitled,69
1700s,1701-1720,1701-1720,1701-1750,1710,mmoires tires [sic] du Pre de la Joie,memoires,45
1700s,1701-1720,1701-1720,1701-1750,1710,nouvelle historique,nouvelle,38
1700s,1701-1720,1701-1720,1701-1750,1710,nouvelle historique et galante,nouvelle,24
1710s,1701-1720,1701-1720,1701-1750,1716,0,unsubtitled,27
1710s,1701-1720,1701-1720,1701-1750,1716,0,unsubtitled,38
1710s,1701-1720,1701-1720,1701-1750,1716,0,unsubtitled,15
1710s,1701-1720,1701-1720,1701-1750,1716,0,unsubtitled,134
1710s,1701-1720,1701-1720,1701-1750,1716,0,unsubtitled,31
1710s,1701-1720,1701-1720,1701-1750,1716,histoire nouvelle et vritable,histoire,14
1710s,1701-1720,1701-1720,1701-1750,1716,nouvelle historique,nouvelle,60
1710s,1701-1720,1701-1720,1701-1750,1716,nouvelle historique et galante,nouvelle,52
1710s,1701-1720,1701-1720,1701-1750,1717,0,unsubtitled,17
1710s,1701-1720,1701-1720,1701-1750,1717,nouvelle galante,nouvelle,15
1710s,1701-1720,1701-1720,1701-1750,1718,0,unsubtitled,29
1710s,1701-1720,1701-1720,1701-1750,1718,0,unsubtitled,30
1710s,1701-1720,1701-1720,1701-1750,1718,nouvelle,nouvelle,36
1710s,1701-1720,1701-1720,1701-1750,1718,roman comique dans le got espagnol,roman,41
1710s,1701-1720,1701-1720,1701-1750,1719,0,unsubtitled,38
1710s,1701-1720,1701-1720,1701-1750,1720,0,unsubtitled,30
1710s,1701-1720,1701-1720,1701-1750,1720,0,unsubtitled,11
1710s,1701-1720,1701-1720,1701-1750,1720,0,unsubtitled,48
1710s,1701-1720,1701-1720,1701-1750,1720,0,unsubtitled,55
1710s,1701-1720,1701-1720,1701-1750,1720,0,unsubtitled,27
1710s,1701-1720,1701-1720,1701-1750,1720,0,unsubtitled,147
1710s,1701-1720,1701-1720,1701-1750,1720,histoire galante,histoire,80
1710s,1701-1720,1701-1720,1701-1750,1720,"histoire galante, morale, et tragique",histoire,26
1720s,1721-1750,1721-1740,1701-1750,1726,0,unsubtitled,24
1720s,1721-1750,1721-1740,1701-1750,1726,0,unsubtitled,22
1720s,1721-1750,1721-1740,1701-1750,1727,0,unsubtitled,112
1720s,1721-1750,1721-1740,1701-1750,1727,0,unsubtitled,41
1720s,1721-1750,1721-1740,1701-1750,1727,histoire indienne,histoire,130
1720s,1721-1750,1721-1740,1701-1750,1727,histoire merveilleuse,histoire,15
1720s,1721-1750,1721-1740,1701-1750,1727,nouvelle suisse,nouvelle,10
1720s,1721-1750,1721-1740,1701-1750,1728,0,unsubtitled,29
1720s,1721-1750,1721-1740,1701-1750,1728,0,unsubtitled,13
1720s,1721-1750,1721-1740,1701-1750,1728,0,unsubtitled,250
1720s,1721-1750,1721-1740,1701-1750,1728,histoire merveilleuse,histoire,13
1720s,1721-1750,1721-1740,1701-1750,1728,histoire tragique,histoire,29
1720s,1721-1750,1721-1740,1701-1750,1728,nouvelle du temps,nouvelle,28
1720s,1721-1750,1721-1740,1701-1750,1729,0,unsubtitled,71
1720s,1721-1750,1721-1740,1701-1750,1729,0,unsubtitled,14
1720s,1721-1750,1721-1740,1701-1750,1729,histoire morale,histoire,43
1720s,1721-1750,1721-1740,1701-1750,1729,histoire orientale,histoire,31
1720s,1721-1750,1721-1740,1701-1750,1729,histoire vritable,histoire,56
1720s,1721-1750,1721-1740,1701-1750,1729,roman hroique,roman,27
1720s,1721-1750,1721-1740,1701-1750,1730,0,unsubtitled,14
1720s,1721-1750,1721-1740,1701-1750,1730,0,unsubtitled,65
1720s,1721-1750,1721-1740,1701-1750,1730,0,unsubtitled,18
1720s,1721-1750,1721-1740,1701-1750,1730,0,unsubtitled,63
1720s,1721-1750,1721-1740,1701-1750,1730,conte,conte,31
1720s,1721-1750,1721-1740,1701-1750,1730,conte,conte,30
1720s,1721-1750,1721-1740,1701-1750,1730,conte,conte,33
1720s,1721-1750,1721-1740,1701-1750,1730,nouvelle historique,nouvelle,28
1730s,1721-1750,1721-1740,1701-1750,1737,0,unsubtitled,26
1730s,1721-1750,1721-1740,1701-1750,1737,0,unsubtitled,24
1730s,1721-1750,1721-1740,1701-1750,1737,0,unsubtitled,111
1730s,1721-1750,1721-1740,1701-1750,1737,0,unsubtitled,21
1730s,1721-1750,1721-1740,1701-1750,1737,0,unsubtitled,13
1730s,1721-1750,1721-1740,1701-1750,1737,0,unsubtitled,49
1730s,1721-1750,1721-1740,1701-1750,1737,0,unsubtitled,34
1730s,1721-1750,1721-1740,1701-1750,1737,0,unsubtitled,36
1730s,1721-1750,1721-1740,1701-1750,1737,0,unsubtitled,32
1730s,1721-1750,1721-1740,1701-1750,1737,0,unsubtitled,31
1730s,1721-1750,1721-1740,1701-1750,1737,0,unsubtitled,32
1730s,1721-1750,1721-1740,1701-1750,1737,0,unsubtitled,43
1730s,1721-1750,1721-1740,1701-1750,1737,0,unsubtitled,17
1730s,1721-1750,1721-1740,1701-1750,1737,0,unsubtitled,10
1730s,1721-1750,1721-1740,1701-1750,1737,0,unsubtitled,14
1730s,1721-1750,1721-1740,1701-1750,1737,0,unsubtitled,35
1730s,1721-1750,1721-1740,1701-1750,1737,0,unsubtitled,42
1730s,1721-1750,1721-1740,1701-1750,1737,0,unsubtitled,62
1730s,1721-1750,1721-1740,1701-1750,1737,0,unsubtitled,26
1730s,1721-1750,1721-1740,1701-1750,1737,0,unsubtitled,56
1730s,1721-1750,1721-1740,1701-1750,1737,Nouveau conte de fes,conte,29
1730s,1721-1750,1721-1740,1701-1750,1737,histoire nouvelle,histoire,50
1730s,1721-1750,1721-1740,1701-1750,1737,histoire turque,histoire,54
1730s,1721-1750,1721-1740,1701-1750,1737,histoire vritable,histoire,124
1730s,1721-1750,1721-1740,1701-1750,1737,histoire vritable,histoire,18
1730s,1721-1750,1721-1740,1701-1750,1737,nouvelle historique et galante,nouvelle,77
1730s,1721-1750,1721-1740,1701-1750,1738,0,unsubtitled,29
1730s,1721-1750,1721-1740,1701-1750,1738,0,unsubtitled,42
1730s,1721-1750,1721-1740,1701-1750,1738,0,unsubtitled,43
1730s,1721-1750,1721-1740,1701-1750,1738,0,unsubtitled,158
1730s,1721-1750,1721-1740,1701-1750,1738,0,unsubtitled,77
1730s,1721-1750,1721-1740,1701-1750,1738,0,unsubtitled,175
1730s,1721-1750,1721-1740,1701-1750,1738,0,unsubtitled,23
1730s,1721-1750,1721-1740,1701-1750,1738,0,unsubtitled,47
1730s,1721-1750,1721-1740,1701-1750,1738,0,unsubtitled,31
1730s,1721-1750,1721-1740,1701-1750,1738,0,unsubtitled,16
1730s,1721-1750,1721-1740,1701-1750,1738,0,unsubtitled,134
1730s,1721-1750,1721-1740,1701-1750,1738,0,unsubtitled,52
1730s,1721-1750,1721-1740,1701-1750,1738,0,unsubtitled,20
1730s,1721-1750,1721-1740,1701-1750,1738,0,unsubtitled,166
1730s,1721-1750,1721-1740,1701-1750,1738,0,unsubtitled,53
1730s,1721-1750,1721-1740,1701-1750,1738,histoire galante et littraire,histoire,23
1730s,1721-1750,1721-1740,1701-1750,1739,0,unsubtitled,33
1730s,1721-1750,1721-1740,1701-1750,1739,0,unsubtitled,63
1730s,1721-1750,1721-1740,1701-1750,1739,0,unsubtitled,58
1730s,1721-1750,1721-1740,1701-1750,1739,0,unsubtitled,11
1730s,1721-1750,1721-1740,1701-1750,1739,0,unsubtitled,49
1730s,1721-1750,1721-1740,1701-1750,1739,0,unsubtitled,109
1730s,1721-1750,1721-1740,1701-1750,1739,0,unsubtitled,50
1730s,1721-1750,1721-1740,1701-1750,1739,0,unsubtitled,172
1730s,1721-1750,1721-1740,1701-1750,1739,0,unsubtitled,54
1730s,1721-1750,1721-1740,1701-1750,1739,0,unsubtitled,80
1730s,1721-1750,1721-1740,1701-1750,1739,0,unsubtitled,105
1730s,1721-1750,1721-1740,1701-1750,1739,0,unsubtitled,30
1730s,1721-1750,1721-1740,1701-1750,1739,histoire polonaise,histoire,49
1730s,1721-1750,1721-1740,1701-1750,1739,histoire turque,histoire,47
1730s,1721-1750,1721-1740,1701-1750,1739,histoire vritable,histoire,17
1730s,1721-1750,1721-1740,1701-1750,1739,nouvelle historique,nouvelle,39
1730s,1721-1750,1721-1740,1701-1750,1739,"nouvelle historique, galante et tragique",nouvelle,127
1730s,1721-1750,1721-1740,1701-1750,1739,"nouvelles espagnoles, italiennes et franaises",nouvelle,37
1740s,1721-1750,1741-1760,1701-1750,1747,0,unsubtitled,57
1740s,1721-1750,1741-1760,1701-1750,1747,0,unsubtitled,20
1740s,1721-1750,1741-1760,1701-1750,1747,0,unsubtitled,34
1740s,1721-1750,1741-1760,1701-1750,1747,0,unsubtitled,34
1740s,1721-1750,1741-1760,1701-1750,1747,0,unsubtitled,100
1740s,1721-1750,1741-1760,1701-1750,1747,0,unsubtitled,32
1740s,1721-1750,1741-1760,1701-1750,1747,0,unsubtitled,66
1740s,1721-1750,1741-1760,1701-1750,1747,0,unsubtitled,76
1740s,1721-1750,1741-1760,1701-1750,1747,0,unsubtitled,76
1740s,1721-1750,1741-1760,1701-1750,1747,0,unsubtitled,245
1740s,1721-1750,1741-1760,1701-1750,1747,0,unsubtitled,30
1740s,1721-1750,1741-1760,1701-1750,1747,0,unsubtitled,44
1740s,1721-1750,1741-1760,1701-1750,1747,conte,conte,14
1740s,1721-1750,1741-1760,1701-1750,1747,histoire espagnole,histoire,17
1740s,1721-1750,1741-1760,1701-1750,1747,histoire orientale,histoire,18
1740s,1721-1750,1741-1760,1701-1750,1748,0,unsubtitled,20
1740s,1721-1750,1741-1760,1701-1750,1748,0,unsubtitled,10
1740s,1721-1750,1741-1760,1701-1750,1748,0,unsubtitled,33
1740s,1721-1750,1741-1760,1701-1750,1748,0,unsubtitled,57
1740s,1721-1750,1741-1760,1701-1750,1748,0,unsubtitled,83
1740s,1721-1750,1741-1760,1701-1750,1748,0,unsubtitled,32
1740s,1721-1750,1741-1760,1701-1750,1748,0,unsubtitled,25
1740s,1721-1750,1741-1760,1701-1750,1748,0,unsubtitled,31
1740s,1721-1750,1741-1760,1701-1750,1748,0,unsubtitled,88
1740s,1721-1750,1741-1760,1701-1750,1748,0,unsubtitled,10
1740s,1721-1750,1741-1760,1701-1750,1748,histoire grecque,histoire,15
1740s,1721-1750,1741-1760,1701-1750,1748,Fragment rotique,other,15
1740s,1721-1750,1741-1760,1701-1750,1748,poeme en trois chants,other,26
1740s,1721-1750,1741-1760,1701-1750,1749,0,unsubtitled,10
1740s,1721-1750,1741-1760,1701-1750,1749,0,unsubtitled,49
1740s,1721-1750,1741-1760,1701-1750,1749,0,unsubtitled,35
1740s,1721-1750,1741-1760,1701-1750,1749,0,unsubtitled,48
1740s,1721-1750,1741-1760,1701-1750,1749,0,unsubtitled,32
1740s,1721-1750,1741-1760,1701-1750,1749,0,unsubtitled,40
1740s,1721-1750,1741-1760,1701-1750,1749,0,unsubtitled,34
1740s,1721-1750,1741-1760,1701-1750,1749,0,unsubtitled,21
1740s,1721-1750,1741-1760,1701-1750,1749,0,unsubtitled,91
1740s,1721-1750,1741-1760,1701-1750,1749,0,unsubtitled,69
1740s,1721-1750,1741-1760,1701-1750,1749,0,unsubtitled,40
1740s,1721-1750,1741-1760,1701-1750,1749,0,unsubtitled,36
1740s,1721-1750,1741-1760,1701-1750,1749,conte,conte,23
1740s,1721-1750,1741-1760,1701-1750,1749,histoire bavarde,histoire,13
1740s,1721-1750,1741-1760,1701-1750,1749,histoire chinoise,histoire,12
1750s,1751-1830,1741-1760,1751-1800,1756,0,unsubtitled,53
1750s,1751-1830,1741-1760,1751-1800,1756,0,unsubtitled,10
1750s,1751-1830,1741-1760,1751-1800,1756,0,unsubtitled,53
1750s,1751-1830,1741-1760,1751-1800,1756,0,unsubtitled,63
1750s,1751-1830,1741-1760,1751-1800,1756,0,unsubtitled,40
1750s,1751-1830,1741-1760,1751-1800,1756,0,unsubtitled,42
1750s,1751-1830,1741-1760,1751-1800,1756,0,unsubtitled,32
1750s,1751-1830,1741-1760,1751-1800,1756,0,unsubtitled,43
1750s,1751-1830,1741-1760,1751-1800,1756,0,unsubtitled,159
1750s,1751-1830,1741-1760,1751-1800,1756,0,unsubtitled,47
1750s,1751-1830,1741-1760,1751-1800,1756,0,unsubtitled,58
1750s,1751-1830,1741-1760,1751-1800,1756,contes syriensÉ,conte,133
1750s,1751-1830,1741-1760,1751-1800,1756,histoire galante crite par lui-mme,histoire,11
1750s,1751-1830,1741-1760,1751-1800,1756,histoire secrte,histoire,10
1750s,1751-1830,1741-1760,1751-1800,1756,histoire vritable,histoire,36
1750s,1751-1830,1741-1760,1751-1800,1756,ouvrage pisodique,other,41
1750s,1751-1830,1741-1760,1751-1800,1756,roman historique,roman,37
1750s,1751-1830,1741-1760,1751-1800,1757,0,unsubtitled,45
1750s,1751-1830,1741-1760,1751-1800,1757,0,unsubtitled,18
1750s,1751-1830,1741-1760,1751-1800,1757,0,unsubtitled,33
1750s,1751-1830,1741-1760,1751-1800,1757,0,unsubtitled,12
1750s,1751-1830,1741-1760,1751-1800,1757,0,unsubtitled,33
1750s,1751-1830,1741-1760,1751-1800,1757,0,unsubtitled,35
1750s,1751-1830,1741-1760,1751-1800,1757,0,unsubtitled,14
1750s,1751-1830,1741-1760,1751-1800,1757,0,unsubtitled,58
1750s,1751-1830,1741-1760,1751-1800,1757,0,unsubtitled,89
1750s,1751-1830,1741-1760,1751-1800,1757,histoire traduite de l'anglais,histoire,12
1750s,1751-1830,1741-1760,1751-1800,1757,ouvrage moral crit par-elle-mme et publi par une de ses amies,other,16
1750s,1751-1830,1741-1760,1751-1800,1758,0,unsubtitled,11
1750s,1751-1830,1741-1760,1751-1800,1758,0,unsubtitled,26
1750s,1751-1830,1741-1760,1751-1800,1758,0,unsubtitled,16
1750s,1751-1830,1741-1760,1751-1800,1758,0,unsubtitled,61
1750s,1751-1830,1741-1760,1751-1800,1758,0,unsubtitled,24
1750s,1751-1830,1741-1760,1751-1800,1758,0,unsubtitled,192
1750s,1751-1830,1741-1760,1751-1800,1758,fable pour servir  l'histoire du XVIIIe sicle,other,22
1750s,1751-1830,1741-1760,1751-1800,1759,0,unsubtitled,31
1750s,1751-1830,1741-1760,1751-1800,1759,0,unsubtitled,34
1750s,1751-1830,1741-1760,1751-1800,1759,0,unsubtitled,23
1750s,1751-1830,1741-1760,1751-1800,1759,0,unsubtitled,20
1750s,1751-1830,1741-1760,1751-1800,1759,0,unsubtitled,38
1750s,1751-1830,1741-1760,1751-1800,1759,0,unsubtitled,15
1750s,1751-1830,1741-1760,1751-1800,1759,0,unsubtitled,33
1750s,1751-1830,1741-1760,1751-1800,1759,0,unsubtitled,15
1750s,1751-1830,1741-1760,1751-1800,1759,0,unsubtitled,33
1750s,1751-1830,1741-1760,1751-1800,1759,histoire indienne,histoire,17
1750s,1751-1830,1741-1760,1751-1800,1759,histoire traduite,histoire,17
1760s,1751-1830,1761-1780,1751-1800,1768,0,unsubtitled,21
1760s,1751-1830,1761-1780,1751-1800,1768,0,unsubtitled,12
1760s,1751-1830,1761-1780,1751-1800,1768,0,unsubtitled,67
1760s,1751-1830,1761-1780,1751-1800,1768,0,unsubtitled,51
1760s,1751-1830,1761-1780,1751-1800,1768,0,unsubtitled,22
1760s,1751-1830,1761-1780,1751-1800,1768,0,unsubtitled,169
1760s,1751-1830,1761-1780,1751-1800,1768,0,unsubtitled,78
1760s,1751-1830,1761-1780,1751-1800,1768,0,unsubtitled,99
1760s,1751-1830,1761-1780,1751-1800,1768,0,unsubtitled,28
1760s,1751-1830,1761-1780,1751-1800,1768,0,unsubtitled,96
1760s,1751-1830,1761-1780,1751-1800,1768,0,unsubtitled,97
1760s,1751-1830,1761-1780,1751-1800,1768,0,unsubtitled,84
1760s,1751-1830,1761-1780,1751-1800,1768,0,unsubtitled,175
1760s,1751-1830,1761-1780,1751-1800,1768,0,unsubtitled,46
1760s,1751-1830,1761-1780,1751-1800,1768,0,unsubtitled,79
1760s,1751-1830,1761-1780,1751-1800,1768,0,unsubtitled,56
1760s,1751-1830,1761-1780,1751-1800,1768,0,unsubtitled,20
1760s,1751-1830,1761-1780,1751-1800,1768,0,unsubtitled,19
1760s,1751-1830,1761-1780,1751-1800,1768,0,unsubtitled,41
1760s,1751-1830,1761-1780,1751-1800,1768,0,unsubtitled,13
1760s,1751-1830,1761-1780,1751-1800,1768,0,unsubtitled,191
1760s,1751-1830,1761-1780,1751-1800,1768,0,unsubtitled,76
1760s,1751-1830,1761-1780,1751-1800,1768,0,unsubtitled,33
1760s,1751-1830,1761-1780,1751-1800,1768,0,unsubtitled,22
1760s,1751-1830,1761-1780,1751-1800,1768,0,unsubtitled,34
1760s,1751-1830,1761-1780,1751-1800,1768,0,unsubtitled,26
1760s,1751-1830,1761-1780,1751-1800,1768,anecdote babilonienne ,anecdote,16
1760s,1751-1830,1761-1780,1751-1800,1768,conte moral,conte,26
1760s,1751-1830,1761-1780,1751-1800,1768,conte moral,conte,34
1760s,1751-1830,1761-1780,1751-1800,1768,conte moral,conte,82
1760s,1751-1830,1761-1780,1751-1800,1768,histoire cochinchinoise,histoire,17
1760s,1751-1830,1761-1780,1751-1800,1768,histoire corse,histoire,11
1760s,1751-1830,1761-1780,1751-1800,1768,histoire orientale,histoire,22
1760s,1751-1830,1761-1780,1751-1800,1768,histoire que n'est point morale,histoire,32
1760s,1751-1830,1761-1780,1751-1800,1768,histoire vritable,histoire,19
1760s,1751-1830,1761-1780,1751-1800,1768,mmoires secrets,memoires,48
1760s,1751-1830,1761-1780,1751-1800,1769,0,unsubtitled,21
1760s,1751-1830,1761-1780,1751-1800,1769,0,unsubtitled,29
1760s,1751-1830,1761-1780,1751-1800,1769,0,unsubtitled,24
1760s,1751-1830,1761-1780,1751-1800,1769,0,unsubtitled,14
1760s,1751-1830,1761-1780,1751-1800,1769,0,unsubtitled,65
1760s,1751-1830,1761-1780,1751-1800,1769,0,unsubtitled,38
1760s,1751-1830,1761-1780,1751-1800,1769,0,unsubtitled,30
1760s,1751-1830,1761-1780,1751-1800,1769,0,unsubtitled,35
1760s,1751-1830,1761-1780,1751-1800,1769,0,unsubtitled,28
1760s,1751-1830,1761-1780,1751-1800,1769,0,unsubtitled,45
1760s,1751-1830,1761-1780,1751-1800,1769,0,unsubtitled,60
1760s,1751-1830,1761-1780,1751-1800,1769,0,unsubtitled,56
1760s,1751-1830,1761-1780,1751-1800,1769,0,unsubtitled,22
1760s,1751-1830,1761-1780,1751-1800,1769,0,unsubtitled,18
1760s,1751-1830,1761-1780,1751-1800,1769,0,unsubtitled,71
1760s,1751-1830,1761-1780,1751-1800,1769,0,unsubtitled,24
1760s,1751-1830,1761-1780,1751-1800,1769,0,unsubtitled,77
1760s,1751-1830,1761-1780,1751-1800,1769,0,unsubtitled,73
1760s,1751-1830,1761-1780,1751-1800,1769,0,unsubtitled,27
1760s,1751-1830,1761-1780,1751-1800,1769,0,unsubtitled,48
1760s,1751-1830,1761-1780,1751-1800,1769,0,unsubtitled,16
1760s,1751-1830,1761-1780,1751-1800,1769,0,unsubtitled,34
1760s,1751-1830,1761-1780,1751-1800,1769,0,unsubtitled,47
1760s,1751-1830,1761-1780,1751-1800,1769,0,unsubtitled,76
1760s,1751-1830,1761-1780,1751-1800,1769,0,unsubtitled,25
1760s,1751-1830,1761-1780,1751-1800,1769,0,unsubtitled,54
1760s,1751-1830,1761-1780,1751-1800,1769,anecdote historique,anecdote,24
1760s,1751-1830,1761-1780,1751-1800,1769,anecdote historique et morale,anecdote,13
1760s,1751-1830,1761-1780,1751-1800,1769,anecdote russienne,anecdote,12
1760s,1751-1830,1761-1780,1751-1800,1769,anecdote turque,anecdote,16
1760s,1751-1830,1761-1780,1751-1800,1769,anecdote vole,anecdote,14
1760s,1751-1830,1761-1780,1751-1800,1769,histoire anglaise,histoire,12
1760s,1751-1830,1761-1780,1751-1800,1769,histoire anglaise,histoire,40
1760s,1751-1830,1761-1780,1751-1800,1769,"histoire galante, politique & morale",histoire,132
1760s,1751-1830,1761-1780,1751-1800,1769,histoire intressante et morale,histoire,64
1760s,1751-1830,1761-1780,1751-1800,1769,histoire orientaleÉ ,histoire,27
1760s,1751-1830,1761-1780,1751-1800,1769,histoire sans vraisemblance,histoire,20
1760s,1751-1830,1761-1780,1751-1800,1769,histoire vritable,histoire,50
1760s,1751-1830,1761-1780,1751-1800,1769,histoire vritable par un menteur,histoire,92
1760s,1751-1830,1761-1780,1751-1800,1769,nouvelle,nouvelle,15
1760s,1751-1830,1761-1780,1751-1800,1769,fragment d'une pastorale,other,15
1760s,1751-1830,1761-1780,1751-1800,1769,ouvrage national,other,25
1770s,1751-1830,1761-1780,1751-1800,1777,0,unsubtitled,27
1770s,1751-1830,1761-1780,1751-1800,1777,0,unsubtitled,108
1770s,1751-1830,1761-1780,1751-1800,1777,0,unsubtitled,25
1770s,1751-1830,1761-1780,1751-1800,1777,0,unsubtitled,80
1770s,1751-1830,1761-1780,1751-1800,1777,0,unsubtitled,89
1770s,1751-1830,1761-1780,1751-1800,1777,0,unsubtitled,35
1770s,1751-1830,1761-1780,1751-1800,1777,0,unsubtitled,37
1770s,1751-1830,1761-1780,1751-1800,1777,0,unsubtitled,131
1770s,1751-1830,1761-1780,1751-1800,1777,0,unsubtitled,37
1770s,1751-1830,1761-1780,1751-1800,1777,0,unsubtitled,156
1770s,1751-1830,1761-1780,1751-1800,1777,0,unsubtitled,50
1770s,1751-1830,1761-1780,1751-1800,1777,anecdote rcente publie par madame de V*** qui en est l'hrone,anecdote,33
1770s,1751-1830,1761-1780,1751-1800,1777,conte chinois drob  M de V***,conte,28
1770s,1751-1830,1761-1780,1751-1800,1777,histoire galante crite par une ex-religieuse de l'abbaye o se sont passes les avantures,histoire,61
1770s,1751-1830,1761-1780,1751-1800,1777,histoire utile  plus d'un lecteur,histoire,102
1770s,1751-1830,1761-1780,1751-1800,1777,Mmoires de Jeannette R*** [...],memoires,166
1770s,1751-1830,1761-1780,1751-1800,1777,pome en prose en cinq chants,other,32
1770s,1751-1830,1761-1780,1751-1800,1777,rve historique qui embrasse tout ce qui s'est pass d'intressant depuis Pharamond jusqu Louis XVI,other,33
1770s,1751-1830,1761-1780,1751-1800,1778,0,unsubtitled,22
1770s,1751-1830,1761-1780,1751-1800,1778,0,unsubtitled,55
1770s,1751-1830,1761-1780,1751-1800,1778,0,unsubtitled,50
1770s,1751-1830,1761-1780,1751-1800,1778,0,unsubtitled,42
1770s,1751-1830,1761-1780,1751-1800,1778,0,unsubtitled,71
1770s,1751-1830,1761-1780,1751-1800,1778,0,unsubtitled,74
1770s,1751-1830,1761-1780,1751-1800,1778,0,unsubtitled,21
1770s,1751-1830,1761-1780,1751-1800,1778,0,unsubtitled,65
1770s,1751-1830,1761-1780,1751-1800,1778,0,unsubtitled,34
1770s,1751-1830,1761-1780,1751-1800,1778,0,unsubtitled,329
1770s,1751-1830,1761-1780,1751-1800,1778,histoire anglaise,histoire,59
1770s,1751-1830,1761-1780,1751-1800,1778,roman historique,roman,130
1770s,1751-1830,1761-1780,1751-1800,1778,roman moral,roman,12
1770s,1751-1830,1761-1780,1751-1800,1779,0,unsubtitled,14
1770s,1751-1830,1761-1780,1751-1800,1779,0,unsubtitled,398
1770s,1751-1830,1761-1780,1751-1800,1779,0,unsubtitled,105
1770s,1751-1830,1761-1780,1751-1800,1779,0,unsubtitled,69
1770s,1751-1830,1761-1780,1751-1800,1779,0,unsubtitled,29
1770s,1751-1830,1761-1780,1751-1800,1779,0,unsubtitled,21
1770s,1751-1830,1761-1780,1751-1800,1779,0,unsubtitled,33
1770s,1751-1830,1761-1780,1751-1800,1779,0,unsubtitled,36
1770s,1751-1830,1761-1780,1751-1800,1779,0,unsubtitled,24
1770s,1751-1830,1761-1780,1751-1800,1779,0,unsubtitled,67
1770s,1751-1830,1761-1780,1751-1800,1779,anecdote franaise,anecdote,28
1770s,1751-1830,1761-1780,1751-1800,1779,conte,conte,24
1770s,1751-1830,1761-1780,1751-1800,1779,conte libre,conte,12
1770s,1751-1830,1761-1780,1751-1800,1779,histoire grecque,histoire,12
1770s,1751-1830,1761-1780,1751-1800,1779,histoire phnicienne,histoire,77
1780s,1751-1830,1781-1800,1751-1800,1788,0,unsubtitled,24
1780s,1751-1830,1781-1800,1751-1800,1788,0,unsubtitled,95
1780s,1751-1830,1781-1800,1751-1800,1788,0,unsubtitled,82
1780s,1751-1830,1781-1800,1751-1800,1788,0,unsubtitled,65
1780s,1751-1830,1781-1800,1751-1800,1788,0,unsubtitled,74
1780s,1751-1830,1781-1800,1751-1800,1788,0,unsubtitled,53
1780s,1751-1830,1781-1800,1751-1800,1788,0,unsubtitled,22
1780s,1751-1830,1781-1800,1751-1800,1788,0,unsubtitled,70
1780s,1751-1830,1781-1800,1751-1800,1788,0,unsubtitled,71
1780s,1751-1830,1781-1800,1751-1800,1788,0,unsubtitled,229
1780s,1751-1830,1781-1800,1751-1800,1788,0,unsubtitled,104
1780s,1751-1830,1781-1800,1751-1800,1788,0,unsubtitled,61
1780s,1751-1830,1781-1800,1751-1800,1788,0,unsubtitled,25
1780s,1751-1830,1781-1800,1751-1800,1788,0,unsubtitled,36
1780s,1751-1830,1781-1800,1751-1800,1788,0,unsubtitled,48
1780s,1751-1830,1781-1800,1751-1800,1788,0,unsubtitled,44
1780s,1751-1830,1781-1800,1751-1800,1788,0,unsubtitled,83
1780s,1751-1830,1781-1800,1751-1800,1788,0,unsubtitled,46
1780s,1751-1830,1781-1800,1751-1800,1788,0,unsubtitled,126
1780s,1751-1830,1781-1800,1751-1800,1788,0,unsubtitled,76
1780s,1751-1830,1781-1800,1751-1800,1788,0,unsubtitled,86
1780s,1751-1830,1781-1800,1751-1800,1788,0,unsubtitled,186
1780s,1751-1830,1781-1800,1751-1800,1788,0,unsubtitled,17
1780s,1751-1830,1781-1800,1751-1800,1788,0,unsubtitled,16
1780s,1751-1830,1781-1800,1751-1800,1788,0,unsubtitled,167
1780s,1751-1830,1781-1800,1751-1800,1788,0,unsubtitled,94
1780s,1751-1830,1781-1800,1751-1800,1788,0,unsubtitled,43
1780s,1751-1830,1781-1800,1751-1800,1788,0,unsubtitled,28
1780s,1751-1830,1781-1800,1751-1800,1788,0,unsubtitled,28
1780s,1751-1830,1781-1800,1751-1800,1788,0,unsubtitled,84
1780s,1751-1830,1781-1800,1751-1800,1788,histoire babylonienne,histoire,14
1780s,1751-1830,1781-1800,1751-1800,1788,histoire gauloise,histoire,50
1780s,1751-1830,1781-1800,1751-1800,1788,histoire orientale,histoire,84
1780s,1751-1830,1781-1800,1751-1800,1788,histoire presque vritable,histoire,14
1780s,1751-1830,1781-1800,1751-1800,1788,histoire vritable,histoire,85
1780s,1751-1830,1781-1800,1751-1800,1788,histoire vritable ou peu s'en faut,histoire,46
1780s,1751-1830,1781-1800,1751-1800,1788,mmoires rdigs et publis par,memoires,97
1780s,1751-1830,1781-1800,1751-1800,1788,roman pastoral,roman,32
1780s,1751-1830,1781-1800,1751-1800,1789,0,unsubtitled,39
1780s,1751-1830,1781-1800,1751-1800,1789,0,unsubtitled,20
1780s,1751-1830,1781-1800,1751-1800,1789,0,unsubtitled,45
1780s,1751-1830,1781-1800,1751-1800,1789,0,unsubtitled,35
1780s,1751-1830,1781-1800,1751-1800,1789,0,unsubtitled,36
1780s,1751-1830,1781-1800,1751-1800,1789,0,unsubtitled,59
1780s,1751-1830,1781-1800,1751-1800,1789,0,unsubtitled,53
1780s,1751-1830,1781-1800,1751-1800,1789,0,unsubtitled,10
1780s,1751-1830,1781-1800,1751-1800,1789,0,unsubtitled,24
1780s,1751-1830,1781-1800,1751-1800,1789,0,unsubtitled,17
1780s,1751-1830,1781-1800,1751-1800,1789,0,unsubtitled,41
1780s,1751-1830,1781-1800,1751-1800,1789,0,unsubtitled,17
1780s,1751-1830,1781-1800,1751-1800,1789,0,unsubtitled,133
1780s,1751-1830,1781-1800,1751-1800,1789,0,unsubtitled,64
1780s,1751-1830,1781-1800,1751-1800,1789,0,unsubtitled,18
1780s,1751-1830,1781-1800,1751-1800,1789,0,unsubtitled,117
1780s,1751-1830,1781-1800,1751-1800,1789,0,unsubtitled,106
1780s,1751-1830,1781-1800,1751-1800,1789,0,unsubtitled,57
1780s,1751-1830,1781-1800,1751-1800,1789,0,unsubtitled,33
1780s,1751-1830,1781-1800,1751-1800,1789,0,unsubtitled,45
1780s,1751-1830,1781-1800,1751-1800,1789,0,unsubtitled,47
1780s,1751-1830,1781-1800,1751-1800,1789,0,unsubtitled,210
1780s,1751-1830,1781-1800,1751-1800,1789,0,unsubtitled,111
1780s,1751-1830,1781-1800,1751-1800,1789,0,unsubtitled,347
1780s,1751-1830,1781-1800,1751-1800,1789,0,unsubtitled,44
1780s,1751-1830,1781-1800,1751-1800,1789,0,unsubtitled,246
1780s,1751-1830,1781-1800,1751-1800,1789,0,unsubtitled,105
1780s,1751-1830,1781-1800,1751-1800,1789,0,unsubtitled,11
1780s,1751-1830,1781-1800,1751-1800,1789,0,unsubtitled,35
1780s,1751-1830,1781-1800,1751-1800,1789,0,unsubtitled,16
1780s,1751-1830,1781-1800,1751-1800,1789,Anecdote aussi intressante quÕamusante,anecdote,32
1780s,1751-1830,1781-1800,1751-1800,1789,conte asiatique,conte,62
1780s,1751-1830,1781-1800,1751-1800,1789,conte moral,conte,13
1780s,1751-1830,1781-1800,1751-1800,1789,histoire allgorique,histoire,28
1780s,1751-1830,1781-1800,1751-1800,1789,histoire vritable,histoire,57
1780s,1751-1830,1781-1800,1751-1800,1789,pome en seize chants,other,108
1780s,1751-1830,1781-1800,1751-1800,1789,roman pastoral en cinq chants,roman,12
1780s,1751-1830,1781-1800,1751-1800,1789,roman sentimental,roman,80
1780s,1751-1830,1781-1800,1751-1800,1789,roman traduit de l'anglais,roman,129
1790s,1751-1830,1781-1800,1751-1800,1798,0,unsubtitled,86
1790s,1751-1830,1781-1800,1751-1800,1798,0,unsubtitled,28
1790s,1751-1830,1781-1800,1751-1800,1798,0,unsubtitled,65
1790s,1751-1830,1781-1800,1751-1800,1798,0,unsubtitled,25
1790s,1751-1830,1781-1800,1751-1800,1798,0,unsubtitled,49
1790s,1751-1830,1781-1800,1751-1800,1798,0,unsubtitled,124
1790s,1751-1830,1781-1800,1751-1800,1798,0,unsubtitled,31
1790s,1751-1830,1781-1800,1751-1800,1798,0,unsubtitled,25
1790s,1751-1830,1781-1800,1751-1800,1798,0,unsubtitled,90
1790s,1751-1830,1781-1800,1751-1800,1798,0,unsubtitled,68
1790s,1751-1830,1781-1800,1751-1800,1798,0,unsubtitled,24
1790s,1751-1830,1781-1800,1751-1800,1798,0,unsubtitled,160
1790s,1751-1830,1781-1800,1751-1800,1798,0,unsubtitled,119
1790s,1751-1830,1781-1800,1751-1800,1798,0,unsubtitled,37
1790s,1751-1830,1781-1800,1751-1800,1798,0,unsubtitled,310
1790s,1751-1830,1781-1800,1751-1800,1798,0,unsubtitled,38
1790s,1751-1830,1781-1800,1751-1800,1798,0,unsubtitled,35
1790s,1751-1830,1781-1800,1751-1800,1798,0,unsubtitled,43
1790s,1751-1830,1781-1800,1751-1800,1798,0,unsubtitled,131
1790s,1751-1830,1781-1800,1751-1800,1798,0,unsubtitled,122
1790s,1751-1830,1781-1800,1751-1800,1798,0,unsubtitled,232
1790s,1751-1830,1781-1800,1751-1800,1798,0,unsubtitled,170
1790s,1751-1830,1781-1800,1751-1800,1798,0,unsubtitled,15
1790s,1751-1830,1781-1800,1751-1800,1798,0,unsubtitled,23
1790s,1751-1830,1781-1800,1751-1800,1798,0,unsubtitled,68
1790s,1751-1830,1781-1800,1751-1800,1798,0,unsubtitled,23
1790s,1751-1830,1781-1800,1751-1800,1798,0,unsubtitled,36
1790s,1751-1830,1781-1800,1751-1800,1798,0,unsubtitled,17
1790s,1751-1830,1781-1800,1751-1800,1798,0,unsubtitled,63
1790s,1751-1830,1781-1800,1751-1800,1798,0,unsubtitled,57
1790s,1751-1830,1781-1800,1751-1800,1798,0,unsubtitled,63
1790s,1751-1830,1781-1800,1751-1800,1798,anecdote coloniale,anecdote,30
1790s,1751-1830,1781-1800,1751-1800,1798,anecdote franaise,anecdote,16
1790s,1751-1830,1781-1800,1751-1800,1798,Anecdote rcente ,anecdote,89
1790s,1751-1830,1781-1800,1751-1800,1798,conte moral,conte,21
1790s,1751-1830,1781-1800,1751-1800,1798,histoire allemande qui n'est pas tire de l'allemand,histoire,124
1790s,1751-1830,1781-1800,1751-1800,1798,histoire anglaise,histoire,49
1790s,1751-1830,1781-1800,1751-1800,1798,histoire d'un jeune imigr,histoire,35
1790s,1751-1830,1781-1800,1751-1800,1798,histoire vritable,histoire,68
1790s,1751-1830,1781-1800,1751-1800,1798,histoire vritable,histoire,29
1790s,1751-1830,1781-1800,1751-1800,1798,mmoires rcentes d'une Polonaise,memoires,61
1790s,1751-1830,1781-1800,1751-1800,1798,nouvelle,nouvelle,30
1790s,1751-1830,1781-1800,1751-1800,1798,roman imit de Shakespeare,roman,25
1790s,1751-1830,1781-1800,1751-1800,1799,0,unsubtitled,41
1790s,1751-1830,1781-1800,1751-1800,1799,0,unsubtitled,27
1790s,1751-1830,1781-1800,1751-1800,1799,0,unsubtitled,41
1790s,1751-1830,1781-1800,1751-1800,1799,0,unsubtitled,60
1790s,1751-1830,1781-1800,1751-1800,1799,0,unsubtitled,22
1790s,1751-1830,1781-1800,1751-1800,1799,0,unsubtitled,31
1790s,1751-1830,1781-1800,1751-1800,1799,0,unsubtitled,36
1790s,1751-1830,1781-1800,1751-1800,1799,0,unsubtitled,32
1790s,1751-1830,1781-1800,1751-1800,1799,0,unsubtitled,89
1790s,1751-1830,1781-1800,1751-1800,1799,0,unsubtitled,36
1790s,1751-1830,1781-1800,1751-1800,1799,0,unsubtitled,52
1790s,1751-1830,1781-1800,1751-1800,1799,0,unsubtitled,15
1790s,1751-1830,1781-1800,1751-1800,1799,0,unsubtitled,29
1790s,1751-1830,1781-1800,1751-1800,1799,0,unsubtitled,42
1790s,1751-1830,1781-1800,1751-1800,1799,0,unsubtitled,36
1790s,1751-1830,1781-1800,1751-1800,1799,0,unsubtitled,80
1790s,1751-1830,1781-1800,1751-1800,1799,0,unsubtitled,78
1790s,1751-1830,1781-1800,1751-1800,1799,0,unsubtitled,28
1790s,1751-1830,1781-1800,1751-1800,1799,0,unsubtitled,52
1790s,1751-1830,1781-1800,1751-1800,1799,0,unsubtitled,37
1790s,1751-1830,1781-1800,1751-1800,1799,0,unsubtitled,83
1790s,1751-1830,1781-1800,1751-1800,1799,0,unsubtitled,44
1790s,1751-1830,1781-1800,1751-1800,1799,0,unsubtitled,53
1790s,1751-1830,1781-1800,1751-1800,1799,0,unsubtitled,23
1790s,1751-1830,1781-1800,1751-1800,1799,0,unsubtitled,61
1790s,1751-1830,1781-1800,1751-1800,1799,0,unsubtitled,66
1790s,1751-1830,1781-1800,1751-1800,1799,0,unsubtitled,239
1790s,1751-1830,1781-1800,1751-1800,1799,0,unsubtitled,82
1790s,1751-1830,1781-1800,1751-1800,1799,0,unsubtitled,97
1790s,1751-1830,1781-1800,1751-1800,1799,0,unsubtitled,15
1790s,1751-1830,1781-1800,1751-1800,1799,0,unsubtitled,14
1790s,1751-1830,1781-1800,1751-1800,1799,0,unsubtitled,28
1790s,1751-1830,1781-1800,1751-1800,1799,0,unsubtitled,47
1790s,1751-1830,1781-1800,1751-1800,1799,0,unsubtitled,31
1790s,1751-1830,1781-1800,1751-1800,1799,0,unsubtitled,35
1790s,1751-1830,1781-1800,1751-1800,1799,0,unsubtitled,60
1790s,1751-1830,1781-1800,1751-1800,1799,0,unsubtitled,72
1790s,1751-1830,1781-1800,1751-1800,1799,0,unsubtitled,82
1790s,1751-1830,1781-1800,1751-1800,1799,0,unsubtitled,47
1790s,1751-1830,1781-1800,1751-1800,1799,0,unsubtitled,50
1790s,1751-1830,1781-1800,1751-1800,1799,0,unsubtitled,24
1790s,1751-1830,1781-1800,1751-1800,1799,0,unsubtitled,73
1790s,1751-1830,1781-1800,1751-1800,1799,0,unsubtitled,96
1790s,1751-1830,1781-1800,1751-1800,1799,0,unsubtitled,106
1790s,1751-1830,1781-1800,1751-1800,1799,0,unsubtitled,44
1790s,1751-1830,1781-1800,1751-1800,1799,0,unsubtitled,56
1790s,1751-1830,1781-1800,1751-1800,1799,0,unsubtitled,80
1790s,1751-1830,1781-1800,1751-1800,1799,0,unsubtitled,35
1790s,1751-1830,1781-1800,1751-1800,1799,0,unsubtitled,37
1790s,1751-1830,1781-1800,1751-1800,1799,0,unsubtitled,70
1790s,1751-1830,1781-1800,1751-1800,1799,0,unsubtitled,47
1790s,1751-1830,1781-1800,1751-1800,1799,0,unsubtitled,57
1790s,1751-1830,1781-1800,1751-1800,1799,0,unsubtitled,69
1790s,1751-1830,1781-1800,1751-1800,1799,0,unsubtitled,59
1790s,1751-1830,1781-1800,1751-1800,1799,0,unsubtitled,101
1790s,1751-1830,1781-1800,1751-1800,1799,0,unsubtitled,60
1790s,1751-1830,1781-1800,1751-1800,1799,0,unsubtitled,197
1790s,1751-1830,1781-1800,1751-1800,1799,0,unsubtitled,18
1790s,1751-1830,1781-1800,1751-1800,1799,0,unsubtitled,54
1790s,1751-1830,1781-1800,1751-1800,1799,0,unsubtitled,22
1790s,1751-1830,1781-1800,1751-1800,1799,0,unsubtitled,51
1790s,1751-1830,1781-1800,1751-1800,1799,0,unsubtitled,19
1790s,1751-1830,1781-1800,1751-1800,1799,0,unsubtitled,118
1790s,1751-1830,1781-1800,1751-1800,1799,0,unsubtitled,67
1790s,1751-1830,1781-1800,1751-1800,1799,0,unsubtitled,57
1790s,1751-1830,1781-1800,1751-1800,1799,0,unsubtitled,19
1790s,1751-1830,1781-1800,1751-1800,1799,anecdotes franaises,anecdote,37
1790s,1751-1830,1781-1800,1751-1800,1799,Conte qui nÕen est pas un,conte,12
1790s,1751-1830,1781-1800,1751-1800,1799,histoire  franaise,histoire,69
1790s,1751-1830,1781-1800,1751-1800,1799,histoire de deux enfants dÕune nuit dÕerreur et de leurs parents,histoire,212
1790s,1751-1830,1781-1800,1751-1800,1799,histoire merveilleuse et vritable,histoire,25
1790s,1751-1830,1781-1800,1751-1800,1799,histoire orientale,histoire,178
1790s,1751-1830,1781-1800,1751-1800,1799,histoire portuguaise,histoire,25
1790s,1751-1830,1781-1800,1751-1800,1799,histoire provenale traduite dÕun ancien manuscrit ,histoire,70
1790s,1751-1830,1781-1800,1751-1800,1799,histoire vritable,histoire,21
1790s,1751-1830,1781-1800,1751-1800,1799,histoire vritable,histoire,46
1790s,1751-1830,1781-1800,1751-1800,1799,nouvelle allemande,nouvelle,24
1790s,1751-1830,1781-1800,1751-1800,1799,nouvelle orientale,nouvelle,12
1790s,1751-1830,1781-1800,1751-1800,1799,ouvrage posthume d'Anne Radcliffe,other,65
1790s,1751-1830,1781-1800,1751-1800,1799,ouvrage tir [É],other,99
1790s,1751-1830,1781-1800,1751-1800,1799,pome piquo-magique en 102 chants,other,107
1790s,1751-1830,1781-1800,1751-1800,1799,tableau philosophique et moral,other,108
1790s,1751-1830,1781-1800,1751-1800,1799,roman comme il y en a trop,roman,42
1790s,1751-1830,1781-1800,1751-1800,1799,roman mystrieux,roman,30
1800s,1751-1830,1801-1820,1801-1830,1808,0,unsubtitled,53
1800s,1751-1830,1801-1820,1801-1830,1808,0,unsubtitled,38
1800s,1751-1830,1801-1820,1801-1830,1808,0,unsubtitled,91
1800s,1751-1830,1801-1820,1801-1830,1808,0,unsubtitled,49
1800s,1751-1830,1801-1820,1801-1830,1808,0,unsubtitled,63
1800s,1751-1830,1801-1820,1801-1830,1808,0,unsubtitled,26
1800s,1751-1830,1801-1820,1801-1830,1808,0,unsubtitled,36
1800s,1751-1830,1801-1820,1801-1830,1808,0,unsubtitled,77
1800s,1751-1830,1801-1820,1801-1830,1808,0,unsubtitled,66
1800s,1751-1830,1801-1820,1801-1830,1808,0,unsubtitled,99
1800s,1751-1830,1801-1820,1801-1830,1808,0,unsubtitled,138
1800s,1751-1830,1801-1820,1801-1830,1808,0,unsubtitled,35
1800s,1751-1830,1801-1820,1801-1830,1808,0,unsubtitled,62
1800s,1751-1830,1801-1820,1801-1830,1808,0,unsubtitled,74
1800s,1751-1830,1801-1820,1801-1830,1808,0,unsubtitled,27
1800s,1751-1830,1801-1820,1801-1830,1808,0,unsubtitled,81
1800s,1751-1830,1801-1820,1801-1830,1808,0,unsubtitled,90
1800s,1751-1830,1801-1820,1801-1830,1808,0,unsubtitled,86
1800s,1751-1830,1801-1820,1801-1830,1808,0,unsubtitled,80
1800s,1751-1830,1801-1820,1801-1830,1808,0,unsubtitled,109
1800s,1751-1830,1801-1820,1801-1830,1808,0,unsubtitled,78
1800s,1751-1830,1801-1820,1801-1830,1808,0,unsubtitled,59
1800s,1751-1830,1801-1820,1801-1830,1808,0,unsubtitled,144
1800s,1751-1830,1801-1820,1801-1830,1808,0,unsubtitled,107
1800s,1751-1830,1801-1820,1801-1830,1808,0,unsubtitled,82
1800s,1751-1830,1801-1820,1801-1830,1808,0,unsubtitled,36
1800s,1751-1830,1801-1820,1801-1830,1808,0,unsubtitled,278
1800s,1751-1830,1801-1820,1801-1830,1808,0,unsubtitled,42
1800s,1751-1830,1801-1820,1801-1830,1808,0,unsubtitled,64
1800s,1751-1830,1801-1820,1801-1830,1808,0,unsubtitled,46
1800s,1751-1830,1801-1820,1801-1830,1808,0,unsubtitled,63
1800s,1751-1830,1801-1820,1801-1830,1808,0,unsubtitled,78
1800s,1751-1830,1801-1820,1801-1830,1808,0,unsubtitled,107
1800s,1751-1830,1801-1820,1801-1830,1808,0,unsubtitled,138
1800s,1751-1830,1801-1820,1801-1830,1808,0,unsubtitled,69
1800s,1751-1830,1801-1820,1801-1830,1808,0,unsubtitled,120
1800s,1751-1830,1801-1820,1801-1830,1808,0,unsubtitled,117
1800s,1751-1830,1801-1820,1801-1830,1808,0,unsubtitled,14
1800s,1751-1830,1801-1820,1801-1830,1808,0,unsubtitled,64
1800s,1751-1830,1801-1820,1801-1830,1808,0,unsubtitled,54
1800s,1751-1830,1801-1820,1801-1830,1808,0,unsubtitled,59
1800s,1751-1830,1801-1820,1801-1830,1808,0,unsubtitled,92
1800s,1751-1830,1801-1820,1801-1830,1808,0,unsubtitled,117
1800s,1751-1830,1801-1820,1801-1830,1808,0,unsubtitled,141
1800s,1751-1830,1801-1820,1801-1830,1808,0,unsubtitled,154
1800s,1751-1830,1801-1820,1801-1830,1808,0,unsubtitled,106
1800s,1751-1830,1801-1820,1801-1830,1808,0,unsubtitled,88
1800s,1751-1830,1801-1820,1801-1830,1808,0,unsubtitled,40
1800s,1751-1830,1801-1820,1801-1830,1808,0,unsubtitled,131
1800s,1751-1830,1801-1820,1801-1830,1808,0,unsubtitled,57
1800s,1751-1830,1801-1820,1801-1830,1808,0,unsubtitled,172
1800s,1751-1830,1801-1820,1801-1830,1808,0,unsubtitled,65
1800s,1751-1830,1801-1820,1801-1830,1808,0,unsubtitled,54
1800s,1751-1830,1801-1820,1801-1830,1808,0,unsubtitled,94
1800s,1751-1830,1801-1820,1801-1830,1808,0,unsubtitled,52
1800s,1751-1830,1801-1820,1801-1830,1808,0,unsubtitled,50
1800s,1751-1830,1801-1820,1801-1830,1808,0,unsubtitled,38
1800s,1751-1830,1801-1820,1801-1830,1808,0,unsubtitled,41
1800s,1751-1830,1801-1820,1801-1830,1808,0,unsubtitled,63
1800s,1751-1830,1801-1820,1801-1830,1808,0,unsubtitled,37
1800s,1751-1830,1801-1820,1801-1830,1808,0,unsubtitled,40
1800s,1751-1830,1801-1820,1801-1830,1808,0,unsubtitled,70
1800s,1751-1830,1801-1820,1801-1830,1808,0,unsubtitled,30
1800s,1751-1830,1801-1820,1801-1830,1808,0,unsubtitled,45
1800s,1751-1830,1801-1820,1801-1830,1808,0,unsubtitled,57
1800s,1751-1830,1801-1820,1801-1830,1808,0,unsubtitled,33
1800s,1751-1830,1801-1820,1801-1830,1808,anecdote anglaise,anecdote,27
1800s,1751-1830,1801-1820,1801-1830,1808,anecdote du 17e sicle.,anecdote,47
1800s,1751-1830,1801-1820,1801-1830,1808,chronique du XIe sicle.,chronique,41
1800s,1751-1830,1801-1820,1801-1830,1808,Histoire dÕune jeune Athnienne et dÕun consul franais,histoire,94
1800s,1751-1830,1801-1820,1801-1830,1808,histoire italienne,histoire,122
1800s,1751-1830,1801-1820,1801-1830,1808,nouvelle,nouvelle,12
1800s,1751-1830,1801-1820,1801-1830,1808,nouvelle armnienne ,nouvelle,10
1800s,1751-1830,1801-1820,1801-1830,1808,aventures galantes et vritables,other,157
1800s,1751-1830,1801-1820,1801-1830,1808,roman comique,roman,39
1800s,1751-1830,1801-1820,1801-1830,1808,roman historique,roman,42
1800s,1751-1830,1801-1820,1801-1830,1808,roman historique,roman,70
1800s,1751-1830,1801-1820,1801-1830,1808,roman historique,roman,39
1800s,1751-1830,1801-1820,1801-1830,1808,roman historique,roman,105
1800s,1751-1830,1801-1820,1801-1830,1808,roman historique,roman,48
1800s,1751-1830,1801-1820,1801-1830,1808,roman historique,roman,35
1800s,1751-1830,1801-1820,1801-1830,1808,roman historique et anecdotique,roman,49
1800s,1751-1830,1801-1820,1801-1830,1808,roman moral,roman,22
1810s,1751-1830,1801-1820,1801-1830,1818,0,unsubtitled,35
1810s,1751-1830,1801-1820,1801-1830,1818,0,unsubtitled,134
1810s,1751-1830,1801-1820,1801-1830,1818,0,unsubtitled,50
1810s,1751-1830,1801-1820,1801-1830,1818,0,unsubtitled,102
1810s,1751-1830,1801-1820,1801-1830,1818,0,unsubtitled,40
1810s,1751-1830,1801-1820,1801-1830,1818,0,unsubtitled,13
1810s,1751-1830,1801-1820,1801-1830,1818,0,unsubtitled,29
1810s,1751-1830,1801-1820,1801-1830,1818,0,unsubtitled,20
1810s,1751-1830,1801-1820,1801-1830,1818,0,unsubtitled,74
1810s,1751-1830,1801-1820,1801-1830,1818,0,unsubtitled,84
1810s,1751-1830,1801-1820,1801-1830,1818,0,unsubtitled,71
1810s,1751-1830,1801-1820,1801-1830,1818,0,unsubtitled,20
1810s,1751-1830,1801-1820,1801-1830,1818,0,unsubtitled,22
1810s,1751-1830,1801-1820,1801-1830,1818,0,unsubtitled,22
1810s,1751-1830,1801-1820,1801-1830,1818,0,unsubtitled,25
1810s,1751-1830,1801-1820,1801-1830,1818,0,unsubtitled,62
1810s,1751-1830,1801-1820,1801-1830,1818,0,unsubtitled,190
1810s,1751-1830,1801-1820,1801-1830,1818,0,unsubtitled,156
1810s,1751-1830,1801-1820,1801-1830,1818,0,unsubtitled,137
1810s,1751-1830,1801-1820,1801-1830,1818,0,unsubtitled,140
1810s,1751-1830,1801-1820,1801-1830,1818,0,unsubtitled,157
1810s,1751-1830,1801-1820,1801-1830,1818,0,unsubtitled,37
1810s,1751-1830,1801-1820,1801-1830,1818,0,unsubtitled,76
1810s,1751-1830,1801-1820,1801-1830,1818,0,unsubtitled,19
1810s,1751-1830,1801-1820,1801-1830,1818,0,unsubtitled,35
1810s,1751-1830,1801-1820,1801-1830,1818,0,unsubtitled,82
1810s,1751-1830,1801-1820,1801-1830,1818,0,unsubtitled,58
1810s,1751-1830,1801-1820,1801-1830,1818,0,unsubtitled,74
1810s,1751-1830,1801-1820,1801-1830,1818,0,unsubtitled,78
1810s,1751-1830,1801-1820,1801-1830,1818,0,unsubtitled,62
1810s,1751-1830,1801-1820,1801-1830,1818,0,unsubtitled,73
1810s,1751-1830,1801-1820,1801-1830,1818,0,unsubtitled,164
1810s,1751-1830,1801-1820,1801-1830,1818,0,unsubtitled,34
1810s,1751-1830,1801-1820,1801-1830,1818,0,unsubtitled,41
1810s,1751-1830,1801-1820,1801-1830,1818,0,unsubtitled,22
1810s,1751-1830,1801-1820,1801-1830,1818,0,unsubtitled,60
1810s,1751-1830,1801-1820,1801-1830,1818,0,unsubtitled,42
1810s,1751-1830,1801-1820,1801-1830,1818,0,unsubtitled,80
1810s,1751-1830,1801-1820,1801-1830,1818,0,unsubtitled,61
1810s,1751-1830,1801-1820,1801-1830,1818,0,unsubtitled,135
1810s,1751-1830,1801-1820,1801-1830,1818,0,unsubtitled,133
1810s,1751-1830,1801-1820,1801-1830,1818,0,unsubtitled,67
1810s,1751-1830,1801-1820,1801-1830,1818,0,unsubtitled,51
1810s,1751-1830,1801-1820,1801-1830,1818,0,unsubtitled,48
1810s,1751-1830,1801-1820,1801-1830,1818,0,unsubtitled,112
1810s,1751-1830,1801-1820,1801-1830,1818,0,unsubtitled,150
1810s,1751-1830,1801-1820,1801-1830,1818,0,unsubtitled,111
1810s,1751-1830,1801-1820,1801-1830,1818,0,unsubtitled,142
1810s,1751-1830,1801-1820,1801-1830,1818,0,unsubtitled,103
1810s,1751-1830,1801-1820,1801-1830,1818,0,unsubtitled,20
1810s,1751-1830,1801-1820,1801-1830,1818,0,unsubtitled,107
1810s,1751-1830,1801-1820,1801-1830,1818,0,unsubtitled,78
1810s,1751-1830,1801-1820,1801-1830,1818,0,unsubtitled,108
1810s,1751-1830,1801-1820,1801-1830,1818,0,unsubtitled,85
1810s,1751-1830,1801-1820,1801-1830,1818,0,unsubtitled,132
1810s,1751-1830,1801-1820,1801-1830,1818,0,unsubtitled,58
1810s,1751-1830,1801-1820,1801-1830,1818,0,unsubtitled,43
1810s,1751-1830,1801-1820,1801-1830,1818,contes gothiques,conte,32
1810s,1751-1830,1801-1820,1801-1830,1818,contes gothiques,conte,28
1810s,1751-1830,1801-1820,1801-1830,1818,"histoire du XIVe sicle, traduite de lÕespagnol",histoire,55
1810s,1751-1830,1801-1820,1801-1830,1818,histoire intressante dÕun jeune mousse abandonn dans une le dserte,histoire,51
1810s,1751-1830,1801-1820,1801-1830,1818,histoire vritable ,histoire,18
1810s,1751-1830,1801-1820,1801-1830,1818,mmoires rcens dÕun gnral allemand,memoires,73
1810s,1751-1830,1801-1820,1801-1830,1818,nouvelle,nouvelle,17
1810s,1751-1830,1801-1820,1801-1830,1818,nouvelle suisse,nouvelle,26
1810s,1751-1830,1801-1820,1801-1830,1818,"roman historique, traduit de lÕanglais ",roman,13
1820s,1751-1830,1821-1840,1801-1830,1828,0,unsubtitled,46
1820s,1751-1830,1821-1840,1801-1830,1828,0,unsubtitled,19
1820s,1751-1830,1821-1840,1801-1830,1828,0,unsubtitled,20
1820s,1751-1830,1821-1840,1801-1830,1828,0,unsubtitled,20
1820s,1751-1830,1821-1840,1801-1830,1828,0,unsubtitled,62
1820s,1751-1830,1821-1840,1801-1830,1828,0,unsubtitled,31
1820s,1751-1830,1821-1840,1801-1830,1828,0,unsubtitled,24
1820s,1751-1830,1821-1840,1801-1830,1828,0,unsubtitled,16
1820s,1751-1830,1821-1840,1801-1830,1828,0,unsubtitled,121
1820s,1751-1830,1821-1840,1801-1830,1828,0,unsubtitled,116
1820s,1751-1830,1821-1840,1801-1830,1828,0,unsubtitled,158
1820s,1751-1830,1821-1840,1801-1830,1828,0,unsubtitled,49
1820s,1751-1830,1821-1840,1801-1830,1828,0,unsubtitled,157
1820s,1751-1830,1821-1840,1801-1830,1828,0,unsubtitled,131
1820s,1751-1830,1821-1840,1801-1830,1828,0,unsubtitled,125
1820s,1751-1830,1821-1840,1801-1830,1828,0,unsubtitled,95
1820s,1751-1830,1821-1840,1801-1830,1828,0,unsubtitled,126
1820s,1751-1830,1821-1840,1801-1830,1828,0,unsubtitled,13
1820s,1751-1830,1821-1840,1801-1830,1828,0,unsubtitled,27
1820s,1751-1830,1821-1840,1801-1830,1828,0,unsubtitled,59
1820s,1751-1830,1821-1840,1801-1830,1828,0,unsubtitled,12
1820s,1751-1830,1821-1840,1801-1830,1828,0,unsubtitled,118
1820s,1751-1830,1821-1840,1801-1830,1828,0,unsubtitled,128
1820s,1751-1830,1821-1840,1801-1830,1828,0,unsubtitled,131
1820s,1751-1830,1821-1840,1801-1830,1828,0,unsubtitled,154
1820s,1751-1830,1821-1840,1801-1830,1828,0,unsubtitled,154
1820s,1751-1830,1821-1840,1801-1830,1828,0,unsubtitled,87
1820s,1751-1830,1821-1840,1801-1830,1828,0,unsubtitled,127
1820s,1751-1830,1821-1840,1801-1830,1828,0,unsubtitled,157
1820s,1751-1830,1821-1840,1801-1830,1828,0,unsubtitled,80
1820s,1751-1830,1821-1840,1801-1830,1828,0,unsubtitled,71
1820s,1751-1830,1821-1840,1801-1830,1828,0,unsubtitled,80
1820s,1751-1830,1821-1840,1801-1830,1828,0,unsubtitled,64
1820s,1751-1830,1821-1840,1801-1830,1828,0,unsubtitled,21
1820s,1751-1830,1821-1840,1801-1830,1828,0,unsubtitled,63
1820s,1751-1830,1821-1840,1801-1830,1828,0,unsubtitled,39
1820s,1751-1830,1821-1840,1801-1830,1828,0,unsubtitled,95
1820s,1751-1830,1821-1840,1801-1830,1828,0,unsubtitled,66
1820s,1751-1830,1821-1840,1801-1830,1828,0,unsubtitled,123
1820s,1751-1830,1821-1840,1801-1830,1828,0,unsubtitled,25
1820s,1751-1830,1821-1840,1801-1830,1828,0,unsubtitled,47
1820s,1751-1830,1821-1840,1801-1830,1828,0,unsubtitled,62
1820s,1751-1830,1821-1840,1801-1830,1828,chronique hongroise du XVIe sicle,chronique,117
1820s,1751-1830,1821-1840,1801-1830,1828,chroniques du temps de la ligue,chronique,244
1820s,1751-1830,1821-1840,1801-1830,1828,histoire africaine,histoire,31
1820s,1751-1830,1821-1840,1801-1830,1828,histoire contemporaine,histoire,23
1820s,1751-1830,1821-1840,1801-1830,1828,histoire dauphinoise du dix-septime sicle,histoire,109
1820s,1751-1830,1821-1840,1801-1830,1828,histoire franaise,histoire,134
1820s,1751-1830,1821-1840,1801-1830,1828,histoire napolitaine,histoire,176
1820s,1751-1830,1821-1840,1801-1830,1828,histoire vritable,histoire,15
1820s,1751-1830,1821-1840,1801-1830,1828,nouvelle,nouvelle,27
1820s,1751-1830,1821-1840,1801-1830,1828,nouvelle,nouvelle,24
1820s,1751-1830,1821-1840,1801-1830,1828,nouvelle,nouvelle,22
1820s,1751-1830,1821-1840,1801-1830,1828,nouvelle contemporaine,nouvelle,17
1820s,1751-1830,1821-1840,1801-1830,1828,nouvelle ddie aux jeunes personnes chrtiennes,nouvelle,28
1820s,1751-1830,1821-1840,1801-1830,1828,nouvelle gyptienne,nouvelle,12
1820s,1751-1830,1821-1840,1801-1830,1828,nouvelle orientale,nouvelle,21
1820s,1751-1830,1821-1840,1801-1830,1828,Nouvelle philosophique,nouvelle,14
1820s,1751-1830,1821-1840,1801-1830,1828,nouvelle polonaise,nouvelle,24
1820s,1751-1830,1821-1840,1801-1830,1828,nouvelles historiques et contes moraux,nouvelle,128
1820s,1751-1830,1821-1840,1801-1830,1828,moeurs populaires,other,127
1820s,1751-1830,1821-1840,1801-1830,1828,"pisode de la dictature de Sylla, an de Rome 669 jusquÕ 673",other,65
1820s,1751-1830,1821-1840,1801-1830,1828,pisode de la guerre de Russie,other,73
1820s,1751-1830,1821-1840,1801-1830,1828,tableaux historiques,other,55
1820s,1751-1830,1821-1840,1801-1830,1828,tradition dauphinoise du tems de Charles VIII,other,145
1820s,1751-1830,1821-1840,1801-1830,1828,roman anecdotique du rgne de Louis XIII,roman,116
1820s,1751-1830,1821-1840,1801-1830,1828,roman de moeurs,roman,145
1820s,1751-1830,1821-1840,1801-1830,1828,roman de moeurs,roman,114
1820s,1751-1830,1821-1840,1801-1830,1828,roman de moeurs,roman,124
1820s,1751-1830,1821-1840,1801-1830,1828,roman de moeurs ,roman,133
1820s,1751-1830,1821-1840,1801-1830,1828,roman historique,roman,69
1820s,1751-1830,1821-1840,1801-1830,1828,roman historique,roman,88
1820s,1751-1830,1821-1840,1801-1830,1828,roman historique du sixime sicle,roman,102
1820s,1751-1830,1821-1840,1801-1830,1828,roman historique du XVe sicle,roman,57
1820s,1751-1830,1821-1840,1801-1830,1828,roman historique extrait de la chronique languedocienne intitule: la Verain ystoria de la crosada contra los f-mentits de Lengadoc et Provensa,roman,158
1820s,1751-1830,1821-1840,1801-1830,1828,roman indien,roman,112
